date,max_dew_point_v,min_dew_point_v,max_relative_humidity_v,min_relative_humidity_v,max_temperature_v,min_temperature_v,max_wind_speed_v,min_wind_speed_v,precipitation_v,rain_v,snow_v,snow_on_ground_v
11-10-23,9.92,3.67,90,54.97,16.35,6.66,26.66,4.34,2.03,2.03,0,0
10-10-23,10.16,3.88,90.03,54.91,16.56,6.89,26.6,4.25,2.07,2.07,0,0
09-10-23,10.42,4.06,89.98,54.85,16.86,7.07,26.38,4.2,2.08,2.08,0,0
08-10-23,10.62,4.27,90.05,54.58,17.16,7.27,26.28,4.13,1.98,1.98,0,0
07-10-23,10.72,4.48,90.1,54.41,17.37,7.5,26,4.06,2,2,0,0
06-10-23,10.83,4.62,90.21,54.32,17.55,7.64,26.15,4.08,2.05,2.05,0,0
05-10-23,10.97,4.86,90.17,54.37,17.7,7.87,26.14,4.11,2.07,2.07,0,0
04-10-23,11.23,5.23,90.26,54.61,18.01,8.17,26.16,4.07,2.16,2.16,0,0
03-10-23,11.54,5.5,90.46,54.81,18.27,8.4,26.18,4,2.25,2.25,0,0
02-10-23,11.77,5.73,90.4,54.98,18.5,8.65,26.23,3.95,2.37,2.37,0,0
01-10-23,11.87,5.86,90.32,54.75,18.69,8.79,26.11,3.88,2.28,2.28,0,0
30-09-23,12,6,90.14,54.44,18.91,8.94,26.09,3.94,2.32,2.32,0,0
29-09-23,12.15,6.12,90.2,54.29,19.1,9.12,26.05,3.88,2.5,2.5,0,0
28-09-23,12.38,6.35,90.19,53.97,19.43,9.33,26.13,3.86,2.56,2.56,0,0
27-09-23,12.73,6.62,89.98,53.91,19.82,9.62,26.24,3.77,2.38,2.38,0,0
26-09-23,12.86,6.81,89.75,53.35,20.12,9.84,25.99,3.67,2.42,2.42,0,0
25-09-23,13.07,7.03,89.71,52.9,20.48,10.02,25.87,3.71,2.34,2.34,0,0
24-09-23,13.25,7.3,89.64,52.82,20.77,10.25,25.65,3.65,2.23,2.23,0,0
23-09-23,13.42,7.5,89.63,52.77,20.95,10.44,25.41,3.56,2.28,2.28,0,0
22-09-23,13.64,7.74,89.57,52.79,21.18,10.62,25.3,3.52,2.2,2.2,0,0
21-09-23,13.89,8.04,89.62,52.72,21.5,10.89,25.27,3.54,2.21,2.21,0,0
20-09-23,14.08,8.24,89.4,52.68,21.77,11.11,25.18,3.62,2.22,2.22,0,0
19-09-23,14.22,8.28,89.22,52.31,21.96,11.22,25.21,3.61,2.1,2.1,0,0
18-09-23,14.28,8.34,88.92,51.82,22.14,11.39,25.24,3.62,2,2,0,0
17-09-23,14.35,8.44,88.93,51.57,22.28,11.51,25.25,3.61,2.11,2.11,0,0
16-09-23,14.49,8.62,88.92,51.64,22.39,11.73,25.32,3.7,2.15,2.15,0,0
15-09-23,14.66,8.88,89.08,51.75,22.52,12.02,25.37,3.75,2.25,2.25,0,0
14-09-23,14.88,9.15,89.05,51.61,22.82,12.28,25.32,3.74,2.33,2.33,0,0
13-09-23,14.98,9.27,89.04,51.55,22.94,12.43,25.04,3.67,2.31,2.31,0,0
12-09-23,15.03,9.38,89.15,51.36,23.08,12.59,25.02,3.7,2.31,2.31,0,0
11-09-23,15.2,9.55,89.1,51.34,23.25,12.79,25.27,3.79,2.28,2.28,0,0
10-09-23,15.41,9.79,89.16,51.51,23.48,13.06,25.35,3.71,2.33,2.33,0,0
09-09-23,15.59,9.97,89.25,51.41,23.68,13.28,25.31,3.66,2.41,2.41,0,0
08-09-23,15.73,10.21,89.12,51.4,23.9,13.51,25.18,3.65,2.33,2.33,0,0
07-09-23,15.91,10.37,88.96,51.09,24.2,13.74,25.2,3.65,2.32,2.32,0,0
06-09-23,15.99,10.45,88.74,50.75,24.36,13.9,24.92,3.51,2.13,2.13,0,0
05-09-23,16.09,10.59,88.76,50.5,24.55,14.04,24.95,3.38,2.03,2.03,0,0
04-09-23,16.24,10.76,88.91,50.41,24.71,14.26,24.99,3.45,2.07,2.07,0,0
03-09-23,16.43,11.04,89.09,50.72,24.87,14.48,24.83,3.47,2.11,2.11,0,0
02-09-23,16.67,11.28,89.15,50.81,25.1,14.7,24.8,3.52,1.95,1.95,0,0
01-09-23,16.86,11.48,89.08,50.59,25.37,14.92,24.72,3.52,1.96,1.96,0,0
31-08-23,16.96,11.57,88.9,50.33,25.57,15.02,24.46,3.42,1.79,1.79,0,0
30-08-23,16.95,11.59,88.82,50.09,25.63,15.06,24.29,3.47,1.45,1.45,0,0
29-08-23,17,11.69,88.71,50.18,25.69,15.17,24.45,3.59,1.42,1.42,0,0
28-08-23,17.14,11.83,88.68,50.23,25.82,15.33,24.45,3.62,1.54,1.54,0,0
27-08-23,17.23,11.96,88.74,50.34,25.94,15.43,24.35,3.51,1.63,1.63,0,0
26-08-23,17.22,11.95,88.62,50.3,25.91,15.45,24.23,3.55,1.66,1.66,0,0
25-08-23,17.26,12.04,88.59,50.21,25.97,15.56,24.21,3.66,1.58,1.58,0,0
24-08-23,17.39,12.11,88.61,50.04,26.12,15.65,24.5,3.68,1.71,1.71,0,0
23-08-23,17.47,12.2,88.6,50.15,26.19,15.74,24.55,3.64,1.74,1.74,0,0
22-08-23,17.53,12.27,88.53,50.09,26.3,15.83,24.65,3.68,1.8,1.8,0,0
21-08-23,17.49,12.23,88.33,49.86,26.3,15.87,24.51,3.7,1.84,1.84,0,0
20-08-23,17.48,12.24,88.11,49.72,26.35,15.9,24.25,3.66,1.84,1.84,0,0
19-08-23,17.47,12.22,87.93,49.55,26.42,15.94,24.3,3.6,1.8,1.8,0,0
18-08-23,17.45,12.19,87.75,49.39,26.43,15.95,24.4,3.63,1.94,1.94,0,0
17-08-23,17.47,12.22,87.68,49.4,26.46,15.99,24.52,3.51,2.02,2.02,0,0
16-08-23,17.52,12.3,87.56,49.76,26.5,16.07,24.61,3.5,2.21,2.21,0,0
15-08-23,17.61,12.4,87.5,49.86,26.59,16.18,24.66,3.42,2.27,2.27,0,0
14-08-23,17.64,12.48,87.4,49.85,26.67,16.27,24.56,3.41,2.33,2.33,0,0
13-08-23,17.57,12.45,87.08,49.67,26.68,16.27,24.51,3.44,2.21,2.21,0,0
12-08-23,17.53,12.38,86.77,49.19,26.73,16.27,24.54,3.54,2.1,2.1,0,0
11-08-23,17.65,12.45,86.83,49.22,26.86,16.38,24.64,3.53,2.26,2.26,0,0
10-08-23,17.74,12.48,86.81,49.16,26.96,16.45,24.72,3.46,2.37,2.37,0,0
09-08-23,17.8,12.54,86.65,49.2,27.03,16.54,24.74,3.43,2.46,2.46,0,0
08-08-23,17.84,12.61,86.6,48.84,27.14,16.65,24.8,3.43,2.56,2.56,0,0
07-08-23,17.88,12.66,86.58,48.84,27.19,16.7,24.71,3.4,2.68,2.68,0,0
06-08-23,17.88,12.72,86.54,48.86,27.24,16.74,24.62,3.42,2.71,2.71,0,0
05-08-23,17.87,12.75,86.48,48.7,27.31,16.77,24.91,3.43,2.71,2.71,0,0
04-08-23,17.9,12.76,86.56,48.55,27.34,16.81,25.07,3.46,2.76,2.76,0,0
03-08-23,17.95,12.83,86.61,48.6,27.38,16.87,25.16,3.48,2.69,2.69,0,0
02-08-23,17.96,12.83,86.52,48.63,27.42,16.87,25.15,3.57,2.65,2.65,0,0
01-08-23,17.96,12.74,86.56,48.16,27.45,16.86,25.25,3.6,2.56,2.56,0,0
31-07-23,17.89,12.7,86.4,48.14,27.39,16.86,25.21,3.55,2.59,2.59,0,0
30-07-23,17.93,12.68,86.32,48,27.46,16.88,25.45,3.56,2.72,2.72,0,0
29-07-23,18.04,12.78,86.43,48.16,27.53,16.97,25.41,3.5,2.97,2.97,0,0
28-07-23,18.14,12.86,86.47,48.25,27.61,17.1,25.38,3.46,2.93,2.93,0,0
27-07-23,18.09,12.83,86.28,48.1,27.6,17.1,25.4,3.46,2.81,2.81,0,0
26-07-23,18.06,12.78,86.14,48.12,27.58,17.08,25.65,3.53,2.96,2.96,0,0
25-07-23,18.05,12.73,86.23,48.04,27.58,17.09,25.72,3.58,2.78,2.78,0,0
24-07-23,18.08,12.76,86.19,48.23,27.6,17.12,25.76,3.66,2.81,2.81,0,0
23-07-23,18.12,12.76,86.13,48.21,27.61,17.17,25.78,3.64,2.63,2.63,0,0
22-07-23,18.21,12.78,86.17,48.08,27.68,17.21,26.15,3.63,2.65,2.65,0,0
21-07-23,18.22,12.81,86.06,48.18,27.7,17.27,25.97,3.6,2.63,2.63,0,0
20-07-23,18.18,12.78,85.71,48.05,27.76,17.28,25.93,3.61,2.57,2.57,0,0
19-07-23,18.06,12.65,85.38,47.83,27.75,17.23,25.72,3.54,2.51,2.51,0,0
18-07-23,17.98,12.49,85.21,47.39,27.74,17.14,25.76,3.58,2.48,2.48,0,0
17-07-23,17.88,12.43,85.12,47.29,27.69,17.06,25.83,3.69,2.47,2.47,0,0
16-07-23,17.88,12.38,85.11,47.26,27.71,17.06,26.03,3.75,2.43,2.43,0,0
15-07-23,17.84,12.36,85.22,47.36,27.64,17.04,26.05,3.69,2.63,2.63,0,0
14-07-23,17.83,12.31,85.18,47.37,27.61,17.01,26.06,3.71,2.59,2.59,0,0
13-07-23,17.77,12.29,84.97,47.3,27.63,17,26.15,3.8,2.55,2.55,0,0
12-07-23,17.75,12.23,84.63,47.24,27.68,16.98,26.36,3.86,2.44,2.44,0,0
11-07-23,17.65,12.07,84.36,46.82,27.68,16.9,26.22,3.88,2.24,2.24,0,0
10-07-23,17.51,11.92,84.02,46.65,27.6,16.75,26.13,3.86,2.19,2.19,0,0
09-07-23,17.29,11.69,83.76,46.42,27.48,16.59,26.16,3.89,2.05,2.05,0,0
08-07-23,17.18,11.52,83.62,46.24,27.39,16.43,26.59,4,2.05,2.05,0,0
07-07-23,17.06,11.48,83.6,46.43,27.28,16.34,26.52,4,2.03,2.03,0,0
06-07-23,17.04,11.4,83.75,46.51,27.2,16.23,26.79,4.01,2.17,2.17,0,0
05-07-23,17.02,11.43,83.96,46.83,27.08,16.18,26.82,3.94,2.31,2.31,0,0
04-07-23,17.07,11.46,84.11,47.1,27.03,16.21,27.08,4.02,2.5,2.5,0,0
03-07-23,17.11,11.55,84.28,47.2,27.06,16.29,27.19,4.01,2.49,2.49,0,0
02-07-23,17.17,11.59,84.31,47.5,27.07,16.36,27.23,3.93,2.55,2.55,0,0
01-07-23,17.14,11.56,84.22,47.59,27.04,16.28,27.08,3.93,2.72,2.72,0,0
30-06-23,17.03,11.41,84.02,47.46,26.99,16.15,26.86,3.94,2.39,2.39,0,0
29-06-23,16.95,11.24,83.94,47.21,26.92,16.02,27.12,3.98,2.28,2.28,0,0
28-06-23,16.87,11.1,84.02,47.16,26.83,15.88,27.18,3.89,2.46,2.46,0,0
27-06-23,16.7,10.97,84.05,47.31,26.62,15.76,26.9,3.88,2.53,2.53,0,0
26-06-23,16.61,10.92,84.21,47.54,26.48,15.68,26.91,3.87,2.53,2.53,0,0
25-06-23,16.58,10.88,84.38,47.89,26.39,15.65,26.89,3.85,2.6,2.6,0,0
24-06-23,16.55,10.84,84.36,48.14,26.28,15.59,26.82,3.76,2.62,2.62,0,0
23-06-23,16.41,10.69,84.38,48.2,26.17,15.47,26.5,3.62,2.78,2.78,0,0
22-06-23,16.26,10.37,84.23,47.86,26.02,15.29,26.3,3.57,2.69,2.69,0,0
21-06-23,16.1,10.16,84.12,47.75,25.84,15.16,26.19,3.63,2.53,2.53,0,0
20-06-23,15.97,9.92,84.14,47.76,25.65,14.99,26.09,3.71,2.69,2.69,0,0
19-06-23,15.8,9.7,84.17,47.7,25.47,14.79,25.98,3.71,2.53,2.53,0,0
18-06-23,15.67,9.53,84.11,47.9,25.28,14.63,25.91,3.72,2.61,2.61,0,0
17-06-23,15.48,9.32,84.06,47.89,25.07,14.41,25.81,3.67,2.62,2.62,0,0
16-06-23,15.35,9.19,84.08,47.84,24.98,14.24,25.9,3.66,2.53,2.53,0,0
15-06-23,15.22,9.08,84.09,47.9,24.82,14.15,26.19,3.78,2.56,2.56,0,0
14-06-23,15.06,8.94,84,48.14,24.66,13.97,26.12,3.77,2.54,2.54,0,0
13-06-23,14.87,8.74,84.08,48.26,24.41,13.77,26.08,3.76,2.44,2.44,0,0
12-06-23,14.73,8.58,84.34,48.44,24.2,13.56,26.2,3.75,2.41,2.41,0,0
11-06-23,14.46,8.34,84.35,48.38,23.91,13.3,26.03,3.73,2.44,2.44,0,0
10-06-23,14.17,8.09,84.44,48.25,23.59,13.01,26,3.76,2.48,2.48,0,0
09-06-23,14.05,7.83,84.62,48.17,23.4,12.77,26.2,3.8,2.58,2.58,0,0
08-06-23,13.92,7.7,84.66,48.3,23.16,12.62,26.46,3.94,2.57,2.57,0,0
07-06-23,13.87,7.65,84.75,48.3,23.09,12.52,26.86,3.99,2.76,2.76,0,0
06-06-23,13.73,7.53,84.45,47.96,23.12,12.37,26.83,3.9,2.75,2.75,0,0
05-06-23,13.56,7.38,84.21,47.63,23.08,12.22,27.09,3.92,2.45,2.45,0,0
04-06-23,13.41,7.24,84.3,47.62,22.93,12.03,27.06,3.82,2.57,2.57,0,0
03-06-23,13.18,7.04,84.22,47.57,22.71,11.77,26.93,3.76,2.48,2.48,0,0
02-06-23,13.06,6.89,84.11,47.59,22.59,11.61,27.01,3.8,2.39,2.39,0,0
01-06-23,12.87,6.66,83.91,47.68,22.33,11.46,27.12,3.88,2.47,2.47,0,0
31-05-23,12.71,6.4,83.77,47.45,22.21,11.24,27.11,3.88,2.37,2.37,0,0
30-05-23,12.51,6.23,83.76,47.44,22.02,11,27.05,3.86,2.37,2.37,0,0
29-05-23,12.29,6.04,83.71,47.6,21.76,10.82,26.93,3.88,2.38,2.38,0,0
28-05-23,12.09,5.81,83.52,47.11,21.65,10.67,27.12,3.92,2.4,2.4,0,0
27-05-23,12.01,5.62,83.3,46.84,21.62,10.53,27.42,3.96,2.39,2.39,0,0
26-05-23,11.91,5.31,82.96,46.48,21.57,10.36,27.47,3.9,2.32,2.32,0,0
25-05-23,11.62,5.08,82.65,46.28,21.34,10.14,27.34,3.85,2.32,2.32,0,0
24-05-23,11.34,4.78,82.68,46.19,21.08,9.84,27.21,3.83,2.19,2.19,0,0
23-05-23,11.06,4.5,82.75,46.58,20.69,9.54,27.07,3.8,2.15,2.15,0,0
22-05-23,10.88,4.22,82.99,46.86,20.32,9.26,27.31,3.88,2.35,2.34,0,0
21-05-23,10.61,3.92,82.98,46.81,20.01,8.96,27.4,3.88,2.43,2.43,0,0
20-05-23,10.24,3.48,82.54,46.43,19.71,8.66,27.47,3.97,2.28,2.28,0,0
19-05-23,9.92,3.05,82.24,46.2,19.34,8.41,27.79,4.12,2.38,2.38,0,0
18-05-23,9.61,2.73,82.25,46.01,19.03,8.13,28.03,4.14,2.51,2.5,0.01,0
17-05-23,9.41,2.48,82.19,45.67,18.86,7.88,28.11,4.18,2.45,2.44,0.01,0
16-05-23,9.24,2.23,82.38,45.51,18.63,7.69,28.1,4,2.56,2.55,0.01,0
15-05-23,8.97,1.91,82.27,44.9,18.38,7.54,28.21,4.03,2.48,2.47,0.01,0
14-05-23,8.76,1.6,81.91,44.4,18.24,7.33,28.32,3.99,2.44,2.43,0.01,0
13-05-23,8.58,1.37,81.6,44.13,18.07,7.17,28.41,3.95,2.32,2.31,0.01,0
12-05-23,8.42,1.22,81.57,44.11,17.88,7.04,28.44,3.88,2.37,2.36,0.01,0
11-05-23,8.25,1.12,81.64,44.18,17.7,6.9,28.54,3.94,2.41,2.4,0.01,0
10-05-23,8.14,1.03,81.82,44.3,17.55,6.8,28.55,3.91,2.45,2.45,0.01,0
09-05-23,8.04,0.97,81.79,44.49,17.44,6.74,28.61,3.97,2.54,2.54,0.01,0
08-05-23,7.95,0.74,81.76,44.1,17.37,6.66,28.62,3.98,2.53,2.52,0.01,0
07-05-23,7.61,0.45,81.29,43.84,17.12,6.47,28.54,3.94,2.44,2.43,0.01,0
06-05-23,7.22,0.1,80.9,43.44,16.85,6.21,28.57,4.03,2.38,2.37,0.01,0
05-05-23,6.96,-0.16,80.84,43.31,16.62,5.97,28.96,4.1,2.47,2.46,0.01,0
04-05-23,6.76,-0.4,80.79,43.21,16.46,5.71,29.09,4.12,2.34,2.33,0.01,0
03-05-23,6.55,-0.63,80.67,43.27,16.2,5.48,29.28,4.25,2.31,2.3,0,0
02-05-23,6.29,-0.96,80.84,43.23,15.86,5.23,29.36,4.18,2.38,2.37,0,0
01-05-23,5.89,-1.28,80.26,43.01,15.59,4.96,29.45,4.34,2.28,2.27,0,0
30-04-23,5.66,-1.54,80.12,43.04,15.36,4.71,29.85,4.43,2.38,2.37,0.01,0
29-04-23,5.49,-1.67,80.39,43.43,15.07,4.48,30.07,4.51,2.4,2.39,0.01,0
28-04-23,5.31,-1.83,80.77,43.88,14.8,4.26,30.04,4.52,2.55,2.53,0.02,0
27-04-23,5.1,-2.02,80.86,44.3,14.49,4.03,30.28,4.66,2.76,2.74,0.02,0
26-04-23,5.01,-2.17,80.98,44.32,14.36,3.86,30.62,4.74,2.81,2.79,0.02,0
25-04-23,4.81,-2.41,80.82,44.21,14.18,3.61,30.7,4.88,2.63,2.59,0.04,0
24-04-23,4.51,-2.78,80.4,43.83,13.9,3.33,30.82,5.03,2.52,2.48,0.04,0
23-04-23,4.29,-2.96,80.2,43.81,13.72,3.12,31.23,5.16,2.53,2.48,0.04,0.1
22-04-23,4.19,-3.13,80.07,43.77,13.62,3,31.41,5.26,2.45,2.37,0.06,0.1
21-04-23,4.17,-3.25,80.2,43.94,13.51,2.89,31.3,5.15,2.52,2.37,0.07,0.1
20-04-23,4.19,-3.22,80.32,44.24,13.43,2.85,31.18,5.09,2.53,2.38,0.07,0.1
19-04-23,4.17,-3.21,80.6,44.59,13.3,2.82,31.15,4.98,2.72,2.56,0.07,0.1
18-04-23,4.01,-3.38,80.54,44.47,13.12,2.68,30.89,4.9,2.66,2.47,0.09,0.1
17-04-23,3.77,-3.47,80.36,44.46,12.96,2.49,30.83,5.04,2.48,2.27,0.1,0.1
16-04-23,3.69,-3.6,80.59,44.82,12.69,2.31,31.03,5.19,2.47,2.26,0.1,0.2
15-04-23,3.56,-3.69,80.87,45.11,12.42,2.15,30.94,5.24,2.46,2.24,0.11,0.2
14-04-23,3.35,-3.89,80.94,45.18,12.17,1.96,30.98,5.34,2.51,2.28,0.11,0.3
13-04-23,3.11,-4.15,80.98,45.06,11.87,1.69,30.98,5.42,2.55,2.28,0.16,0.4
12-04-23,2.72,-4.51,80.59,44.75,11.49,1.38,30.92,5.45,2.2,1.93,0.16,0.4
11-04-23,2.4,-4.85,80.76,44.93,11.03,1.07,31.07,5.62,2.23,1.9,0.2,0.5
10-04-23,2.25,-4.99,81.27,45.3,10.68,0.9,31.3,5.63,2.51,2.07,0.27,0.5
09-04-23,2.11,-5.1,81.45,45.33,10.53,0.77,31.27,5.46,2.58,2.1,0.31,0.5
08-04-23,1.91,-5.27,81.61,45.52,10.23,0.61,31.12,5.53,2.48,1.99,0.32,0.5
07-04-23,1.85,-5.34,82.14,45.91,10,0.44,31.11,5.59,2.49,2.03,0.31,0.5
06-04-23,1.71,-5.4,82.32,46.16,9.76,0.27,31.24,5.7,2.47,2.05,0.32,0.5
05-04-23,1.57,-5.55,82.42,46.2,9.59,0.12,31.16,5.73,2.49,2.06,0.33,0.5
04-04-23,1.41,-5.68,82.4,46.3,9.42,-0.06,31.08,5.78,2.3,1.88,0.32,0.5
03-04-23,1.28,-5.79,82.62,46.71,9.22,-0.26,30.71,5.75,2.19,1.8,0.31,0.5
02-04-23,1.14,-5.96,82.69,47.04,8.95,-0.41,30.78,5.76,2.25,1.85,0.32,0.5
01-04-23,1.05,-6.08,82.94,47.35,8.76,-0.55,30.71,5.65,2.22,1.81,0.34,0.6
31-03-23,0.85,-6.25,82.91,47.6,8.54,-0.77,30.35,5.54,2.12,1.7,0.34,0.6
30-03-23,0.58,-6.5,82.64,47.43,8.3,-0.97,30.22,5.51,2.06,1.61,0.37,0.7
29-03-23,0.38,-6.7,82.39,47.65,8.05,-1.18,30.4,5.71,1.88,1.46,0.34,0.7
28-03-23,0.44,-6.73,82.82,48.12,7.96,-1.27,30.42,5.76,1.95,1.49,0.38,0.7
27-03-23,0.32,-6.73,82.64,48.4,7.82,-1.36,29.98,5.71,1.88,1.44,0.38,0.7
26-03-23,0.07,-6.97,82.14,48.31,7.59,-1.55,29.65,5.7,1.6,1.27,0.3,0.7
25-03-23,-0.08,-7.2,82.12,48.46,7.33,-1.77,29.69,5.82,1.55,1.25,0.27,0.8
24-03-23,-0.33,-7.45,81.93,48.38,7.12,-2.09,29.64,5.79,1.46,1.17,0.28,0.9
23-03-23,-0.67,-7.73,81.76,48.42,6.74,-2.4,29.55,5.87,1.37,1.07,0.29,1.1
22-03-23,-0.81,-7.9,81.86,48.73,6.49,-2.6,29.69,5.92,1.27,0.97,0.31,1.3
21-03-23,-0.94,-8.05,81.99,49.14,6.21,-2.82,30,5.95,1.21,0.84,0.36,1.7
20-03-23,-1.17,-8.36,82.01,49.1,5.85,-3.11,30.11,6.04,1.25,0.87,0.38,1.9
19-03-23,-1.36,-8.64,82.04,49.08,5.57,-3.36,30.6,6.16,1.31,0.9,0.42,2.1
18-03-23,-1.44,-8.77,82.12,49.27,5.4,-3.53,30.75,6.1,1.27,0.85,0.44,2.4
17-03-23,-1.65,-8.89,82.26,49.73,5.11,-3.77,30.76,6.15,1.3,0.87,0.45,2.7
16-03-23,-1.69,-9.04,82.34,49.97,4.99,-3.97,31.16,6.27,1.38,0.91,0.49,3
15-03-23,-1.67,-9.09,82.55,50.54,4.86,-4.13,31.27,6.32,1.4,0.93,0.5,3.3
14-03-23,-1.72,-9.15,82.79,51.05,4.72,-4.3,31.03,6.05,1.51,1.02,0.51,3.7
13-03-23,-1.93,-9.35,82.9,51.33,4.43,-4.56,30.99,6.03,1.49,0.97,0.56,4.1
12-03-23,-2.23,-9.65,82.82,51.41,4.09,-4.89,31.12,6.03,1.59,0.99,0.66,4.4
11-03-23,-2.48,-9.92,82.91,51.46,3.76,-5.2,31.42,6.26,1.58,0.93,0.71,4.6
10-03-23,-2.74,-10.12,83,52.03,3.4,-5.5,31.52,6.22,1.59,0.93,0.72,4.8
09-03-23,-2.87,-10.2,83.21,52.59,3.09,-5.66,31.7,6.29,1.66,0.97,0.75,5.1
08-03-23,-2.85,-10.27,83.48,53.26,2.93,-5.8,31.92,6.14,1.76,1.02,0.8,5.3
07-03-23,-3.05,-10.5,83.53,53.65,2.64,-6.1,31.57,6.02,1.81,1.07,0.8,5.5
06-03-23,-3.28,-10.77,83.47,53.9,2.37,-6.4,31.45,6.01,1.85,1.07,0.83,5.6
05-03-23,-3.53,-10.92,83.45,54.27,2.13,-6.61,31.56,6.03,1.86,1.03,0.88,5.7
04-03-23,-3.64,-10.98,83.54,54.66,1.95,-6.76,31.66,6,1.9,1.03,0.92,5.7
03-03-23,-3.79,-11.14,83.58,55.04,1.7,-6.96,31.61,6.05,1.87,1.01,0.91,5.7
02-03-23,-3.83,-11.22,83.64,55.01,1.6,-7.03,31.78,6.08,1.9,1.01,0.95,5.6
01-03-23,-3.91,-11.22,83.71,55.52,1.4,-7.07,31.47,5.99,1.9,0.99,0.97,5.5
28-02-23,-3.92,-11.26,83.94,55.87,1.29,-7.1,31.42,5.92,1.89,1.01,0.94,5.5
27-02-23,-3.93,-11.22,83.94,56.09,1.22,-7.09,31.54,6.02,1.88,0.98,0.96,5.4
26-02-23,-3.94,-11.28,83.79,56.32,1.18,-7.16,31.63,6.12,1.83,0.99,0.87,5.4
25-02-23,-3.93,-11.29,84.04,56.66,1.11,-7.19,31.86,6.04,1.78,0.96,0.85,5.5
24-02-23,-3.92,-11.38,84.24,57.12,1.03,-7.37,31.64,5.76,1.93,1.09,0.87,5.6
23-02-23,-3.94,-11.42,84.44,57.28,0.94,-7.45,31.41,5.59,2.01,1.1,0.97,5.7
22-02-23,-4.05,-11.56,84.4,57.5,0.82,-7.6,31.24,5.62,1.97,1.1,0.92,5.8
21-02-23,-4.32,-11.78,84.21,57.41,0.57,-7.8,31.04,5.7,1.94,1.07,0.91,5.9
20-02-23,-4.53,-12.08,84.19,57.46,0.26,-8.04,31.33,5.88,1.9,1,0.96,6
19-02-23,-4.61,-12.31,84.28,57.42,0.08,-8.27,31.53,6.05,1.87,0.97,0.98,6
18-02-23,-4.67,-12.45,84.29,57.62,-0.08,-8.41,31.59,6.07,1.82,0.99,0.9,6.2
17-02-23,-4.74,-12.5,84.46,57.96,-0.21,-8.49,31.38,6.07,1.77,0.92,0.91,6.4
16-02-23,-4.87,-12.59,84.44,58.31,-0.35,-8.62,31.26,6.1,1.73,0.84,0.95,6.5
15-02-23,-5.06,-12.8,84.46,58.48,-0.6,-8.83,31.13,6.2,1.85,0.87,1.05,6.6
14-02-23,-5.19,-12.91,84.53,58.59,-0.75,-9,31.28,6.22,1.82,0.86,1.04,6.8
13-02-23,-5.48,-13.06,84.37,58.72,-1.03,-9.18,31.3,6.36,1.83,0.8,1.1,6.9
12-02-23,-5.68,-13.39,84.31,58.59,-1.27,-9.43,31.45,6.45,1.79,0.74,1.14,7
11-02-23,-5.76,-13.46,84.39,58.64,-1.41,-9.52,31.49,6.38,1.85,0.79,1.15,7.1
10-02-23,-5.74,-13.39,84.47,58.82,-1.4,-9.49,31.26,6.36,1.85,0.83,1.11,7.2
09-02-23,-5.77,-13.33,84.5,59.09,-1.46,-9.47,31.18,6.45,1.73,0.69,1.14,7.3
08-02-23,-5.72,-13.3,84.57,59.22,-1.41,-9.45,31.26,6.7,1.68,0.66,1.1,7.4
07-02-23,-5.73,-13.28,84.71,59.48,-1.45,-9.47,31.08,6.62,1.7,0.64,1.14,7.5
06-02-23,-5.7,-13.26,84.99,59.6,-1.48,-9.52,31.09,6.63,1.68,0.63,1.14,7.6
05-02-23,-5.57,-13.1,85.21,60.03,-1.39,-9.42,30.83,6.55,1.76,0.72,1.13,7.7
04-02-23,-5.59,-12.97,85.21,60.21,-1.38,-9.31,30.49,6.46,1.76,0.7,1.15,7.8
03-02-23,-5.5,-12.94,85.34,60.38,-1.31,-9.29,30.42,6.54,1.84,0.72,1.23,7.8
02-02-23,-5.63,-13.03,85.16,60.24,-1.44,-9.36,30.27,6.6,1.83,0.73,1.23,7.7
01-02-23,-5.62,-13.09,85.16,60.16,-1.5,-9.4,30.3,6.54,1.8,0.73,1.2,7.6
31-01-23,-5.46,-13.06,85.33,60.21,-1.42,-9.36,30.41,6.43,1.75,0.74,1.14,7.5
30-01-23,-5.42,-13.05,85.49,60.28,-1.43,-9.32,30.32,6.46,1.79,0.79,1.13,7.4
29-01-23,-5.36,-13.06,85.62,60.38,-1.41,-9.38,30.26,6.35,1.75,0.81,1.08,7.3
28-01-23,-5.48,-13.07,85.63,60.57,-1.53,-9.48,29.85,6.18,1.75,0.85,1.02,7.2
27-01-23,-5.68,-13.23,85.61,60.57,-1.71,-9.66,29.72,6.22,1.69,0.82,1,7.1
26-01-23,-5.72,-13.34,85.5,60.7,-1.78,-9.77,29.92,6.4,1.65,0.79,0.98,7
25-01-23,-5.68,-13.34,85.74,60.7,-1.79,-9.74,30,6.4,1.67,0.81,0.99,7
24-01-23,-5.67,-13.45,85.86,60.97,-1.87,-9.83,30.04,6.25,1.77,0.88,1.02,6.9
23-01-23,-5.62,-13.53,85.93,60.88,-1.86,-9.89,30.32,6.39,1.79,0.91,1.01,6.7
22-01-23,-5.66,-13.42,85.88,61.17,-1.92,-9.79,30.23,6.34,1.94,1.02,1.06,6.6
21-01-23,-5.6,-13.42,86,61.19,-1.9,-9.79,30.2,6.27,1.86,0.95,1.05,6.4
20-01-23,-5.4,-13.29,86.26,61.41,-1.77,-9.69,30.24,6.28,1.87,1.01,0.98,6.3
19-01-23,-5.17,-13,86.51,61.95,-1.6,-9.44,30.25,6.19,1.88,1.06,0.93,6.2
18-01-23,-4.94,-12.78,86.74,62.22,-1.38,-9.24,30.52,6.12,2.04,1.25,0.88,6.1
17-01-23,-4.85,-12.72,86.88,62.3,-1.29,-9.18,30.68,6.23,2.1,1.31,0.87,6.1
16-01-23,-4.88,-12.64,86.86,62.28,-1.24,-9.09,30.75,6.29,2.09,1.29,0.87,6
15-01-23,-4.89,-12.63,86.85,62.28,-1.24,-9.11,30.81,6.29,2.06,1.26,0.89,6
14-01-23,-4.84,-12.61,86.9,62.32,-1.22,-9.06,30.86,6.34,2.06,1.26,0.9,5.9
13-01-23,-4.6,-12.42,87.12,62.52,-1.03,-8.83,31.16,6.43,2.09,1.23,0.95,5.7
12-01-23,-4.33,-12.13,87.36,62.92,-0.84,-8.53,31.12,6.41,2.13,1.23,0.99,5.5
11-01-23,-4.22,-11.96,87.5,63.08,-0.73,-8.33,31.06,6.34,2.16,1.29,0.96,5.3
10-01-23,-4.12,-11.86,87.47,63.18,-0.65,-8.24,31.03,6.48,2.19,1.32,0.96,5
09-01-23,-4.03,-11.73,87.42,63.19,-0.56,-8.12,31.14,6.71,2.11,1.29,0.9,4.7
08-01-23,-3.92,-11.52,87.43,63.39,-0.45,-7.89,31.1,6.6,2.12,1.28,0.91,4.5
07-01-23,-3.64,-11.3,87.67,63.46,-0.23,-7.64,31.2,6.59,2.02,1.22,0.87,4.3
06-01-23,-3.53,-11.07,87.68,63.64,-0.1,-7.38,31.39,6.66,2.1,1.3,0.87,4.1
05-01-23,-3.53,-10.92,87.63,63.7,-0.1,-7.23,31.3,6.52,2.05,1.28,0.85,3.9
04-01-23,-3.56,-10.91,87.52,63.43,-0.09,-7.22,31.31,6.48,1.95,1.21,0.82,3.7
03-01-23,-3.53,-10.84,87.57,63.55,-0.06,-7.22,30.98,6.49,1.79,1.06,0.82,3.7
02-01-23,-3.48,-10.66,87.66,63.86,-0.02,-7.08,30.79,6.52,1.77,1.03,0.83,3.7
01-01-23,-3.37,-10.44,87.74,64.23,0.05,-6.91,30.67,6.5,1.79,1.04,0.85,3.7
31-12-22,-3.19,-10.22,87.85,64.4,0.21,-6.7,30.71,6.48,1.8,1.06,0.82,3.6
30-12-22,-2.91,-9.92,88.09,64.73,0.46,-6.42,30.6,6.41,1.94,1.16,0.84,3.6
29-12-22,-2.75,-9.65,88.15,64.84,0.62,-6.16,30.7,6.55,1.95,1.21,0.8,3.6
28-12-22,-2.64,-9.49,88.16,64.8,0.76,-6.02,30.63,6.45,1.96,1.23,0.79,3.6
27-12-22,-2.62,-9.48,88.13,64.56,0.8,-6.02,30.45,6.38,1.94,1.21,0.8,3.7
26-12-22,-2.62,-9.36,87.96,64.57,0.88,-5.89,30.32,6.34,1.88,1.15,0.79,3.7
25-12-22,-2.56,-9.2,87.86,64.6,0.96,-5.73,29.94,6.12,1.78,1.1,0.75,3.7
24-12-22,-2.47,-8.96,87.97,64.75,1.04,-5.54,29.71,6.06,1.82,1.16,0.73,3.8
23-12-22,-2.35,-8.79,87.99,64.79,1.19,-5.4,29.71,6.12,1.82,1.13,0.75,4
22-12-22,-2.15,-8.6,88.16,64.76,1.4,-5.26,29.72,6.19,1.78,1.07,0.76,4.1
21-12-22,-2.09,-8.51,88.24,64.67,1.49,-5.18,29.58,6.21,1.87,1.07,0.84,4.2
20-12-22,-2.07,-8.47,88.28,64.66,1.53,-5.15,29.26,6.23,1.82,1.01,0.86,4.2
19-12-22,-2.02,-8.45,88.27,64.38,1.59,-5.1,29.29,6.13,1.88,1.05,0.88,4.2
18-12-22,-1.92,-8.33,88.32,64.29,1.71,-5,29.28,6.05,1.96,1.06,0.96,4
17-12-22,-1.75,-8.27,88.34,64.12,1.87,-4.89,29.25,6.12,1.96,1.06,0.94,3.8
16-12-22,-1.69,-8.2,88.36,63.88,1.97,-4.81,28.95,6.06,2.01,1.05,0.99,3.6
15-12-22,-1.85,-8.28,87.96,63.28,1.93,-4.86,28.88,5.98,1.78,0.89,0.94,3.4
14-12-22,-1.9,-8.37,87.77,62.86,1.93,-4.92,28.7,5.84,1.73,0.85,0.92,3.2
13-12-22,-1.84,-8.32,87.71,62.72,2,-4.83,28.77,6.05,1.72,0.86,0.9,3
12-12-22,-1.64,-8.09,87.83,62.6,2.22,-4.61,28.87,5.98,1.75,0.9,0.89,2.7
11-12-22,-1.38,-7.82,88.1,62.52,2.47,-4.38,28.91,5.82,1.77,0.96,0.84,2.5
10-12-22,-1.13,-7.59,88.41,62.44,2.73,-4.18,29.05,5.75,1.81,1.01,0.83,2.4
09-12-22,-0.98,-7.43,88.44,62.22,2.92,-4,29.24,5.89,1.84,1.03,0.84,2.2
08-12-22,-0.86,-7.34,88.46,62.04,3.04,-3.89,29.48,6.05,1.9,1.12,0.82,1.9
07-12-22,-0.71,-7.14,88.5,62.15,3.17,-3.69,29.44,5.99,2.08,1.31,0.8,1.7
06-12-22,-0.51,-6.95,88.5,62.25,3.4,-3.5,29.32,5.99,2.09,1.45,0.69,1.5
05-12-22,-0.3,-6.67,88.64,62.37,3.6,-3.23,29.64,5.94,2.22,1.58,0.69,1.2
04-12-22,-0.04,-6.31,88.75,62.48,3.85,-2.87,29.68,6.01,2.24,1.63,0.65,0.9
03-12-22,0.25,-5.96,88.88,62.54,4.15,-2.5,29.45,5.93,2.22,1.7,0.55,0.8
02-12-22,0.43,-5.75,89.07,62.49,4.35,-2.31,29.24,5.79,2.2,1.74,0.49,0.8
01-12-22,0.61,-5.66,89.04,62.49,4.53,-2.2,29.37,5.82,2.18,1.8,0.42,0.7
30-11-22,0.92,-5.43,89.42,62.62,4.8,-2,29.34,5.85,2.24,1.85,0.41,0.7
29-11-22,1.19,-5.19,89.66,62.65,5.07,-1.8,29.4,5.92,2.32,1.88,0.46,0.7
28-11-22,1.43,-4.97,89.72,62.54,5.34,-1.6,29.44,5.86,2.32,1.91,0.43,0.7
27-11-22,1.53,-4.79,89.55,62.57,5.5,-1.41,29.32,5.94,2.25,1.83,0.42,0.7
26-11-22,1.65,-4.72,89.38,62.42,5.68,-1.31,29.35,6,2.27,1.85,0.43,0.8
25-11-22,1.76,-4.57,89.34,62.36,5.83,-1.19,29.16,6.18,2.3,1.88,0.43,0.8
24-11-22,1.85,-4.45,89.33,62.45,5.94,-1.13,28.9,6.1,2.25,1.81,0.44,0.8
23-11-22,1.97,-4.34,89.34,62.32,6.1,-1.05,28.56,5.88,2.24,1.83,0.42,0.9
22-11-22,2.04,-4.28,89.24,61.92,6.27,-0.99,28.47,5.84,2.19,1.78,0.42,0.9
21-11-22,2.17,-4.14,89.09,61.34,6.49,-0.78,28.63,5.73,2.08,1.64,0.45,1
20-11-22,2.24,-4.11,88.84,60.86,6.66,-0.69,28.53,5.77,1.94,1.53,0.42,1
19-11-22,2.32,-4.15,88.61,60.35,6.83,-0.65,28.55,5.65,1.93,1.53,0.41,1
18-11-22,2.39,-4.21,88.29,59.67,7.03,-0.67,28.69,5.68,1.9,1.5,0.41,1
17-11-22,2.54,-4.07,88.15,59.22,7.28,-0.53,28.97,5.68,1.98,1.6,0.4,0.9
16-11-22,2.75,-3.78,88.13,59.04,7.59,-0.26,28.93,5.58,1.97,1.6,0.37,0.9
15-11-22,2.91,-3.5,87.96,58.68,7.89,0.02,28.67,5.5,1.92,1.57,0.35,0.8
14-11-22,3.09,-3.28,87.77,58.32,8.2,0.27,28.52,5.39,1.89,1.61,0.28,0.8
13-11-22,3.28,-3.1,87.8,58.09,8.46,0.42,28.36,5.26,1.81,1.53,0.28,0.8
12-11-22,3.54,-2.85,87.98,58.18,8.73,0.63,28.16,5.13,1.87,1.61,0.27,0.7
11-11-22,3.65,-2.64,88.08,57.95,8.91,0.81,28.13,4.98,1.84,1.59,0.25,0.6
10-11-22,3.79,-2.5,88.08,57.51,9.13,0.99,28.36,4.81,1.87,1.63,0.23,0.5
09-11-22,4,-2.31,88.21,57.4,9.41,1.18,28.46,4.83,2.12,1.95,0.17,0.4
08-11-22,4.18,-2.09,88.16,57.21,9.64,1.41,28.65,4.9,2.15,2,0.14,0.3
07-11-22,4.4,-1.88,88.1,57.1,9.9,1.63,28.7,4.82,2.1,1.98,0.11,0.2
06-11-22,4.52,-1.75,88.13,56.83,10.09,1.73,28.51,4.85,2.14,2.06,0.07,0.1
05-11-22,4.69,-1.54,88.17,56.66,10.3,1.93,28.7,4.93,2.17,2.11,0.06,0
04-11-22,4.86,-1.31,88.29,56.63,10.5,2.1,28.67,5.02,2.18,2.12,0.06,0
03-11-22,5.09,-1.02,88.73,57.07,10.66,2.32,28.53,5.01,2.28,2.24,0.04,0
02-11-22,5.22,-0.78,88.83,57.43,10.77,2.49,28.21,4.99,2.26,2.21,0.04,0
01-11-22,5.36,-0.58,88.89,57.45,10.89,2.66,28.02,5.17,2.26,2.22,0.04,0
31-10-22,5.61,-0.35,89.02,57.75,11.08,2.87,28.43,5.28,2.3,2.26,0.03,0
30-10-22,5.81,-0.13,89.25,58.05,11.25,3.01,28.4,5.27,2.4,2.36,0.03,0
29-10-22,5.89,0.04,89.31,58.15,11.33,3.17,28.24,5.27,2.46,2.43,0.03,0
28-10-22,6.08,0.2,89.5,58.07,11.52,3.32,28.39,5.32,2.43,2.41,0.03,0
27-10-22,6.36,0.4,89.54,58.05,11.8,3.55,28.48,5.34,2.54,2.51,0.03,0
26-10-22,6.57,0.61,89.5,58.2,12.04,3.74,28.39,5.34,2.59,2.57,0.03,0
25-10-22,6.69,0.77,89.36,57.77,12.3,3.93,28.2,5.25,2.35,2.33,0.03,0
24-10-22,6.83,0.94,89.39,57.6,12.52,4.09,28.19,5.12,2.26,2.24,0.02,0
23-10-22,6.96,1.09,89.44,57.46,12.69,4.23,28.23,5.28,2.29,2.28,0.01,0
22-10-22,7.25,1.3,89.59,57.82,12.88,4.42,28.47,5.33,2.31,2.3,0.01,0
21-10-22,7.57,1.56,89.68,57.9,13.18,4.61,28.09,5.15,2.4,2.39,0.01,0
20-10-22,7.91,1.84,89.86,57.86,13.56,4.87,27.96,5.01,2.39,2.39,0.01,0
19-10-22,8.1,2,89.67,57.31,13.89,5.04,27.81,4.89,2.27,2.27,0,0
18-10-22,8.31,2.18,89.67,56.81,14.22,5.23,27.65,4.8,2.16,2.16,0,0
17-10-22,8.53,2.4,89.68,56.4,14.58,5.44,27.53,4.66,2.06,2.06,0,0
16-10-22,8.79,2.62,89.82,56.13,14.93,5.62,27.29,4.54,2.19,2.19,0,0
15-10-22,9.05,2.86,89.86,55.81,15.29,5.88,27.2,4.42,2.06,2.06,0,0
14-10-22,9.41,3.14,89.92,55.59,15.7,6.13,27.29,4.35,2.04,2.04,0,0
13-10-22,9.59,3.31,89.82,55.33,15.97,6.3,27.03,4.21,2.07,2.06,0,0
12-10-22,9.63,3.43,89.92,55.13,16.08,6.37,26.71,4.25,2.16,2.16,0,0
11-10-22,9.89,3.69,90.28,55.3,16.27,6.57,26.67,4.26,2.1,2.1,0,0
10-10-22,10.16,3.91,90.34,55.3,16.5,6.82,26.64,4.17,2.14,2.14,0,0
09-10-22,10.44,4.12,90.38,55.3,16.81,7.01,26.4,4.11,2.15,2.15,0,0
08-10-22,10.62,4.33,90.38,55.01,17.11,7.2,26.21,4.01,2.03,2.03,0,0
07-10-22,10.71,4.52,90.42,54.75,17.31,7.42,25.97,3.96,2.01,2.01,0,0
06-10-22,10.81,4.65,90.5,54.58,17.5,7.57,26.2,4,2.06,2.06,0,0
05-10-22,10.98,4.89,90.46,54.65,17.67,7.8,26.18,4.02,2.11,2.11,0,0
04-10-22,11.26,5.27,90.56,54.9,17.98,8.11,26.22,3.97,2.19,2.19,0,0
03-10-22,11.58,5.52,90.7,55.06,18.26,8.34,26.22,3.88,2.29,2.29,0,0
02-10-22,11.79,5.72,90.6,55.19,18.48,8.56,26.25,3.81,2.34,2.34,0,0
01-10-22,11.87,5.84,90.48,54.99,18.65,8.68,26.13,3.74,2.22,2.22,0,0
30-09-22,11.98,5.97,90.34,54.66,18.84,8.83,26.12,3.81,2.26,2.26,0,0
29-09-22,12.16,6.09,90.42,54.54,19.04,9,26.13,3.75,2.49,2.49,0,0
28-09-22,12.4,6.33,90.4,54.28,19.37,9.23,26.17,3.74,2.56,2.56,0,0
27-09-22,12.76,6.6,90.17,54.2,19.76,9.51,26.24,3.64,2.38,2.38,0,0
26-09-22,12.87,6.76,89.88,53.61,20.05,9.72,25.94,3.53,2.43,2.43,0,0
25-09-22,13.05,6.96,89.8,53.19,20.39,9.88,25.82,3.58,2.4,2.4,0,0
24-09-22,13.21,7.22,89.66,53.06,20.66,10.11,25.64,3.52,2.29,2.29,0,0
23-09-22,13.39,7.43,89.65,52.99,20.86,10.32,25.43,3.44,2.34,2.34,0,0
22-09-22,13.64,7.7,89.61,53.04,21.12,10.53,25.3,3.38,2.26,2.26,0,0
21-09-22,13.91,8.01,89.67,53,21.45,10.8,25.18,3.38,2.27,2.27,0,0
20-09-22,14.09,8.21,89.47,52.99,21.7,11.02,25.06,3.47,2.28,2.28,0,0
19-09-22,14.19,8.23,89.28,52.61,21.87,11.11,25.02,3.46,2.14,2.14,0,0
18-09-22,14.22,8.27,88.96,52.09,22.03,11.25,25.1,3.49,2.05,2.05,0,0
17-09-22,14.3,8.35,88.98,51.82,22.17,11.37,25.15,3.48,2.22,2.22,0,0
16-09-22,14.43,8.52,88.98,51.88,22.27,11.58,25.22,3.57,2.27,2.27,0,0
15-09-22,14.62,8.78,89.1,52,22.4,11.87,25.31,3.62,2.4,2.4,0,0
14-09-22,14.82,9.06,89.02,51.88,22.7,12.13,25.24,3.63,2.44,2.44,0,0
13-09-22,14.93,9.19,89.02,51.78,22.85,12.3,25.03,3.56,2.4,2.4,0,0
12-09-22,14.99,9.31,89.14,51.56,23.01,12.46,25.04,3.58,2.41,2.41,0,0
11-09-22,15.17,9.48,89.1,51.44,23.2,12.67,25.33,3.67,2.38,2.38,0,0
10-09-22,15.39,9.73,89.17,51.57,23.44,12.95,25.38,3.6,2.4,2.4,0,0
09-09-22,15.55,9.9,89.3,51.51,23.62,13.14,25.28,3.55,2.48,2.48,0,0
08-09-22,15.69,10.12,89.2,51.55,23.83,13.35,25.13,3.54,2.4,2.4,0,0
07-09-22,15.84,10.25,88.96,51.2,24.09,13.55,25.14,3.52,2.4,2.4,0,0
06-09-22,15.9,10.31,88.72,50.8,24.25,13.71,24.9,3.4,2.2,2.2,0,0
05-09-22,15.98,10.44,88.7,50.54,24.42,13.85,24.97,3.29,2.1,2.1,0,0
04-09-22,16.15,10.63,88.87,50.55,24.57,14.08,25.02,3.37,2.23,2.23,0,0
03-09-22,16.37,10.95,89.07,50.95,24.74,14.35,24.86,3.39,2.33,2.33,0,0
02-09-22,16.62,11.23,89.13,51.09,25,14.59,24.76,3.43,2.18,2.18,0,0
01-09-22,16.82,11.44,89.05,50.85,25.28,14.83,24.67,3.43,2.17,2.17,0,0
31-08-22,16.91,11.54,88.87,50.6,25.49,14.94,24.36,3.31,1.97,1.97,0,0
30-08-22,16.9,11.55,88.77,50.36,25.54,14.97,24.19,3.34,1.63,1.63,0,0
29-08-22,16.93,11.62,88.63,50.36,25.59,15.05,24.33,3.44,1.57,1.57,0,0
28-08-22,17.05,11.74,88.57,50.37,25.72,15.2,24.3,3.49,1.66,1.66,0,0
27-08-22,17.13,11.87,88.65,50.56,25.82,15.3,24.21,3.39,1.74,1.74,0,0
26-08-22,17.11,11.86,88.53,50.52,25.78,15.31,24.11,3.41,1.74,1.74,0,0
25-08-22,17.15,11.95,88.5,50.42,25.85,15.42,24.11,3.51,1.67,1.67,0,0
24-08-22,17.27,12.02,88.51,50.22,26,15.52,24.42,3.52,1.74,1.74,0,0
23-08-22,17.37,12.13,88.59,50.42,26.06,15.62,24.46,3.51,1.78,1.78,0,0
22-08-22,17.43,12.21,88.59,50.42,26.16,15.7,24.55,3.53,1.85,1.85,0,0
21-08-22,17.43,12.19,88.49,50.25,26.17,15.74,24.38,3.54,1.89,1.89,0,0
20-08-22,17.43,12.22,88.34,50.14,26.22,15.77,24.13,3.51,1.82,1.82,0,0
19-08-22,17.42,12.2,88.16,49.95,26.28,15.79,24.14,3.46,1.73,1.73,0,0
18-08-22,17.39,12.17,88.02,49.83,26.28,15.79,24.24,3.46,1.84,1.84,0,0
17-08-22,17.42,12.2,87.94,49.9,26.3,15.82,24.46,3.35,1.96,1.96,0,0
16-08-22,17.47,12.28,87.83,50.24,26.34,15.91,24.55,3.35,2.14,2.14,0,0
15-08-22,17.55,12.37,87.78,50.35,26.41,16.02,24.61,3.27,2.29,2.29,0,0
14-08-22,17.57,12.45,87.68,50.35,26.48,16.11,24.51,3.26,2.37,2.37,0,0
13-08-22,17.51,12.43,87.35,50.19,26.48,16.11,24.47,3.3,2.28,2.28,0,0
12-08-22,17.47,12.35,87.02,49.72,26.54,16.1,24.5,3.41,2.17,2.17,0,0
11-08-22,17.58,12.42,87.06,49.73,26.67,16.21,24.57,3.39,2.32,2.32,0,0
10-08-22,17.66,12.46,87.04,49.69,26.75,16.29,24.59,3.33,2.43,2.43,0,0
09-08-22,17.71,12.52,86.84,49.73,26.83,16.39,24.63,3.29,2.59,2.59,0,0
08-08-22,17.73,12.57,86.73,49.27,26.95,16.48,24.71,3.31,2.68,2.68,0,0
07-08-22,17.77,12.62,86.66,49.28,26.99,16.54,24.62,3.29,2.84,2.84,0,0
06-08-22,17.76,12.67,86.53,49.25,27.04,16.58,24.53,3.3,2.87,2.87,0,0
05-08-22,17.75,12.67,86.41,49.02,27.11,16.61,24.8,3.29,2.86,2.86,0,0
04-08-22,17.77,12.66,86.45,48.85,27.15,16.64,24.94,3.33,2.91,2.91,0,0
03-08-22,17.8,12.72,86.45,48.85,27.19,16.7,25.09,3.38,2.84,2.84,0,0
02-08-22,17.81,12.73,86.4,48.9,27.23,16.71,24.99,3.48,2.8,2.8,0,0
01-08-22,17.8,12.64,86.45,48.43,27.27,16.69,25.06,3.49,2.71,2.71,0,0
31-07-22,17.73,12.59,86.29,48.37,27.21,16.67,24.98,3.45,2.61,2.61,0,0
30-07-22,17.77,12.59,86.28,48.3,27.26,16.7,25.2,3.46,2.75,2.75,0,0
29-07-22,17.88,12.69,86.44,48.53,27.32,16.78,25.14,3.4,3,3,0,0
28-07-22,17.97,12.77,86.49,48.66,27.38,16.9,25.05,3.33,2.96,2.96,0,0
27-07-22,17.94,12.74,86.3,48.54,27.38,16.9,25.07,3.35,2.86,2.86,0,0
26-07-22,17.91,12.68,86.22,48.55,27.36,16.88,25.33,3.39,3,3,0,0
25-07-22,17.91,12.63,86.32,48.49,27.36,16.88,25.37,3.44,2.77,2.77,0,0
24-07-22,17.96,12.68,86.31,48.81,27.37,16.92,25.43,3.51,2.86,2.86,0,0
23-07-22,18.01,12.7,86.26,48.83,27.39,16.97,25.44,3.49,2.65,2.65,0,0
22-07-22,18.11,12.74,86.37,48.74,27.47,17.03,25.83,3.49,2.66,2.66,0,0
21-07-22,18.11,12.79,86.26,48.9,27.49,17.09,25.65,3.46,2.71,2.71,0,0
20-07-22,18.09,12.77,85.95,48.74,27.56,17.11,25.67,3.48,2.64,2.64,0,0
19-07-22,17.99,12.65,85.67,48.57,27.54,17.06,25.39,3.37,2.6,2.6,0,0
18-07-22,17.89,12.49,85.51,48.15,27.52,16.98,25.37,3.42,2.55,2.55,0,0
17-07-22,17.81,12.43,85.42,48.07,27.46,16.91,25.46,3.54,2.57,2.57,0,0
16-07-22,17.84,12.41,85.48,48.08,27.5,16.93,25.74,3.61,2.58,2.58,0,0
15-07-22,17.83,12.41,85.56,48.18,27.45,16.94,25.77,3.55,2.81,2.81,0,0
14-07-22,17.82,12.36,85.49,48.12,27.45,16.92,25.82,3.57,2.76,2.76,0,0
13-07-22,17.78,12.35,85.26,47.98,27.49,16.93,25.97,3.68,2.73,2.73,0,0
12-07-22,17.74,12.3,84.9,47.86,27.55,16.91,26.18,3.73,2.6,2.6,0,0
11-07-22,17.66,12.14,84.64,47.41,27.57,16.84,26.12,3.76,2.4,2.4,0,0
10-07-22,17.54,11.98,84.39,47.24,27.47,16.7,26.06,3.76,2.4,2.4,0,0
09-07-22,17.31,11.74,84.07,46.9,27.36,16.54,26.06,3.8,2.2,2.2,0,0
08-07-22,17.17,11.55,83.91,46.59,27.26,16.37,26.46,3.89,2.2,2.2,0,0
07-07-22,17.04,11.49,83.85,46.73,27.15,16.27,26.39,3.89,2.17,2.17,0,0
06-07-22,17.01,11.39,83.97,46.67,27.1,16.16,26.68,3.91,2.25,2.25,0,0
05-07-22,16.98,11.41,84.19,46.98,26.98,16.12,26.69,3.84,2.39,2.39,0,0
04-07-22,17.03,11.45,84.35,47.21,26.94,16.15,26.96,3.93,2.56,2.56,0,0
03-07-22,17.07,11.51,84.48,47.23,26.97,16.21,27.12,3.92,2.55,2.55,0,0
02-07-22,17.11,11.53,84.54,47.48,26.97,16.25,27.19,3.84,2.58,2.58,0,0
01-07-22,17.06,11.49,84.47,47.62,26.91,16.16,27,3.82,2.78,2.78,0,0
30-06-22,16.93,11.32,84.26,47.44,26.85,16,26.77,3.81,2.42,2.42,0,0
29-06-22,16.81,11.13,84.24,47.24,26.74,15.86,27.02,3.86,2.3,2.3,0,0
28-06-22,16.71,10.98,84.36,47.28,26.6,15.71,27.06,3.81,2.49,2.49,0,0
27-06-22,16.55,10.86,84.45,47.56,26.37,15.58,26.8,3.82,2.57,2.57,0,0
26-06-22,16.48,10.83,84.64,47.92,26.22,15.5,26.76,3.8,2.57,2.57,0,0
25-06-22,16.45,10.84,84.8,48.3,26.16,15.48,26.71,3.76,2.64,2.64,0,0
24-06-22,16.45,10.79,84.81,48.57,26.07,15.41,26.6,3.64,2.66,2.66,0,0
23-06-22,16.29,10.63,84.8,48.64,25.94,15.3,26.26,3.51,2.82,2.82,0,0
22-06-22,16.12,10.32,84.67,48.29,25.79,15.1,26.06,3.46,2.73,2.73,0,0
21-06-22,15.97,10.09,84.6,48.18,25.59,14.96,25.96,3.53,2.58,2.58,0,0
20-06-22,15.84,9.84,84.48,48.14,25.43,14.8,25.9,3.62,2.74,2.74,0,0
19-06-22,15.65,9.6,84.42,48.01,25.25,14.61,25.8,3.62,2.57,2.57,0,0
18-06-22,15.53,9.42,84.38,48.15,25.09,14.45,25.73,3.63,2.65,2.65,0,0
17-06-22,15.34,9.22,84.25,48.14,24.91,14.25,25.6,3.57,2.66,2.66,0,0
16-06-22,15.21,9.06,84.16,47.96,24.84,14.08,25.68,3.58,2.54,2.54,0,0
15-06-22,15.09,8.97,84.14,48,24.7,14,26.02,3.74,2.56,2.56,0,0
14-06-22,14.97,8.85,84.02,48.26,24.58,13.86,25.93,3.7,2.52,2.52,0,0
13-06-22,14.81,8.69,84.08,48.37,24.38,13.68,25.9,3.66,2.41,2.41,0,0
12-06-22,14.71,8.56,84.38,48.59,24.19,13.5,26.02,3.64,2.39,2.39,0,0
11-06-22,14.43,8.31,84.38,48.45,23.92,13.25,25.84,3.63,2.43,2.43,0,0
10-06-22,14.12,8.03,84.36,48.28,23.58,12.95,25.83,3.68,2.44,2.44,0,0
09-06-22,13.98,7.78,84.55,48.17,23.4,12.71,26.07,3.74,2.54,2.54,0,0
08-06-22,13.87,7.69,84.6,48.3,23.18,12.59,26.38,3.87,2.52,2.52,0,0
07-06-22,13.84,7.64,84.74,48.44,23.08,12.48,26.76,3.92,2.72,2.72,0,0
06-06-22,13.68,7.52,84.47,48.18,23.07,12.33,26.68,3.83,2.71,2.71,0,0
05-06-22,13.49,7.36,84.37,47.86,23.01,12.15,26.9,3.83,2.41,2.41,0,0
04-06-22,13.35,7.23,84.46,47.9,22.83,11.94,26.87,3.74,2.53,2.53,0,0
03-06-22,13.09,7.02,84.36,47.84,22.59,11.67,26.81,3.66,2.44,2.44,0,0
02-06-22,12.94,6.84,84.24,47.88,22.43,11.5,26.86,3.71,2.35,2.35,0,0
01-06-22,12.74,6.61,84.1,48.01,22.15,11.34,26.98,3.77,2.43,2.43,0,0
31-05-22,12.58,6.36,83.99,47.8,22.02,11.12,26.96,3.79,2.34,2.34,0,0
30-05-22,12.42,6.19,84.04,47.78,21.86,10.87,26.99,3.8,2.38,2.38,0,0
29-05-22,12.19,5.98,83.93,47.8,21.62,10.7,26.83,3.82,2.4,2.4,0,0
28-05-22,11.95,5.68,83.62,47.1,21.52,10.53,26.9,3.83,2.4,2.4,0,0
27-05-22,11.84,5.45,83.3,46.76,21.48,10.37,27.19,3.88,2.38,2.38,0,0
26-05-22,11.72,5.12,82.97,46.36,21.42,10.18,27.24,3.82,2.31,2.31,0,0
25-05-22,11.45,4.88,82.67,46.15,21.19,9.96,27.16,3.77,2.31,2.31,0,0
24-05-22,11.21,4.6,82.77,46.07,20.97,9.68,27.04,3.71,2.22,2.21,0,0
23-05-22,10.95,4.32,82.74,46.34,20.62,9.39,26.9,3.67,2.14,2.14,0,0
22-05-22,10.75,4.04,82.91,46.58,20.26,9.1,27.14,3.76,2.33,2.33,0,0
21-05-22,10.49,3.72,82.87,46.58,19.93,8.8,27.24,3.76,2.42,2.42,0,0
20-05-22,10.14,3.3,82.51,46.27,19.63,8.51,27.37,3.85,2.27,2.27,0,0
19-05-22,9.87,2.92,82.29,46.17,19.26,8.27,27.65,4.02,2.38,2.38,0,0
18-05-22,9.61,2.65,82.38,46.01,18.99,8.01,27.94,4.05,2.51,2.51,0.01,0
17-05-22,9.45,2.44,82.4,45.73,18.84,7.8,28.04,4.1,2.45,2.44,0.01,0
16-05-22,9.3,2.24,82.62,45.67,18.62,7.63,28.01,3.89,2.56,2.55,0.01,0
15-05-22,9.03,1.91,82.52,45.05,18.36,7.47,28.08,3.9,2.47,2.46,0.01,0
14-05-22,8.82,1.62,82.31,44.63,18.19,7.25,28.2,3.85,2.43,2.42,0.01,0
13-05-22,8.66,1.42,82.09,44.43,18.03,7.08,28.38,3.82,2.33,2.32,0.01,0
12-05-22,8.52,1.28,82.1,44.45,17.84,6.96,28.43,3.75,2.38,2.37,0.01,0
11-05-22,8.34,1.19,82.14,44.51,17.66,6.82,28.53,3.78,2.4,2.39,0.01,0
10-05-22,8.2,1.08,82.25,44.59,17.5,6.71,28.54,3.78,2.41,2.4,0.01,0
09-05-22,8.08,1,82.17,44.78,17.37,6.64,28.61,3.88,2.57,2.56,0.01,0
08-05-22,7.99,0.8,82.16,44.51,17.29,6.56,28.64,3.89,2.58,2.57,0.01,0
07-05-22,7.7,0.56,81.83,44.36,17.06,6.4,28.6,3.84,2.5,2.5,0.01,0
06-05-22,7.36,0.25,81.46,43.98,16.83,6.17,28.66,3.93,2.45,2.44,0.01,0
05-05-22,7.1,-0.01,81.35,43.82,16.62,5.95,28.99,3.97,2.54,2.53,0.01,0
04-05-22,6.89,-0.25,81.21,43.63,16.48,5.7,29.1,3.97,2.4,2.4,0.01,0
03-05-22,6.66,-0.5,81.02,43.66,16.23,5.47,29.25,4.08,2.37,2.36,0,0
02-05-22,6.36,-0.87,81.09,43.56,15.87,5.21,29.32,4.01,2.43,2.43,0,0
01-05-22,5.94,-1.21,80.51,43.26,15.58,4.92,29.4,4.16,2.35,2.35,0,0
30-04-22,5.69,-1.48,80.33,43.27,15.36,4.67,29.8,4.25,2.45,2.45,0.01,0
29-04-22,5.54,-1.61,80.56,43.67,15.08,4.46,30.07,4.34,2.48,2.46,0.01,0
28-04-22,5.38,-1.73,80.87,44.2,14.81,4.27,30.02,4.34,2.63,2.61,0.02,0
27-04-22,5.19,-1.89,80.99,44.69,14.53,4.06,30.23,4.47,2.84,2.81,0.02,0
26-04-22,5.14,-2.02,81.16,44.77,14.42,3.9,30.52,4.57,2.91,2.88,0.02,0
25-04-22,4.95,-2.23,81.05,44.75,14.23,3.67,30.55,4.68,2.73,2.71,0.02,0
24-04-22,4.67,-2.56,80.69,44.49,13.94,3.41,30.62,4.84,2.53,2.5,0.02,0
23-04-22,4.46,-2.76,80.54,44.4,13.76,3.21,31.02,4.99,2.61,2.59,0.02,0
22-04-22,4.31,-2.97,80.35,44.27,13.64,3.08,31.12,5.09,2.52,2.46,0.04,0.1
21-04-22,4.24,-3.11,80.41,44.41,13.52,2.94,30.93,4.98,2.59,2.46,0.05,0.1
20-04-22,4.2,-3.12,80.5,44.69,13.4,2.86,30.82,4.94,2.59,2.46,0.05,0.1
19-04-22,4.16,-3.12,80.79,45.14,13.22,2.8,30.86,4.88,2.78,2.64,0.06,0.1
18-04-22,3.98,-3.29,80.75,45.12,13.02,2.65,30.64,4.82,2.85,2.67,0.08,0.1
17-04-22,3.77,-3.38,80.61,45.07,12.88,2.46,30.61,4.98,2.69,2.49,0.09,0.1
16-04-22,3.69,-3.51,80.76,45.39,12.63,2.28,30.78,5.13,2.66,2.46,0.09,0.1
15-04-22,3.54,-3.63,80.98,45.64,12.36,2.13,30.68,5.17,2.63,2.43,0.09,0.2
14-04-22,3.31,-3.86,80.98,45.63,12.1,1.92,30.73,5.28,2.68,2.47,0.1,0.3
13-04-22,3.03,-4.17,80.98,45.4,11.8,1.61,30.76,5.37,2.71,2.46,0.14,0.3
12-04-22,2.59,-4.56,80.54,45,11.39,1.27,30.78,5.41,2.35,2.1,0.14,0.4
11-04-22,2.25,-4.93,80.72,45.11,10.91,0.95,31.02,5.59,2.39,2.07,0.18,0.5
10-04-22,2.08,-5.11,81.2,45.42,10.56,0.76,31.27,5.6,2.69,2.25,0.27,0.5
09-04-22,1.92,-5.24,81.32,45.36,10.41,0.62,31.28,5.46,2.76,2.28,0.31,0.5
08-04-22,1.71,-5.42,81.43,45.52,10.11,0.45,31.09,5.48,2.58,2.09,0.32,0.5
07-04-22,1.65,-5.49,81.95,45.87,9.88,0.29,31.07,5.56,2.59,2.13,0.31,0.5
06-04-22,1.55,-5.52,82.13,46.12,9.66,0.16,31.22,5.67,2.56,2.15,0.32,0.5
05-04-22,1.45,-5.64,82.28,46.16,9.54,0.05,31.14,5.68,2.6,2.17,0.33,0.5
04-04-22,1.34,-5.75,82.28,46.15,9.42,-0.1,31.03,5.71,2.4,1.98,0.32,0.5
03-04-22,1.24,-5.85,82.5,46.46,9.26,-0.28,30.66,5.66,2.17,1.78,0.31,0.5
02-04-22,1.1,-5.99,82.54,46.87,8.99,-0.41,30.65,5.67,2.21,1.82,0.32,0.5
01-04-22,1.01,-6.11,82.83,47.12,8.81,-0.56,30.6,5.55,2.19,1.79,0.33,0.6
31-03-22,0.81,-6.3,82.81,47.4,8.56,-0.81,30.22,5.44,2.09,1.68,0.33,0.6
30-03-22,0.53,-6.53,82.55,47.34,8.3,-1.03,30,5.4,1.99,1.55,0.37,0.7
29-03-22,0.36,-6.7,82.41,47.67,8.04,-1.23,30.21,5.62,1.83,1.41,0.34,0.7
28-03-22,0.41,-6.73,82.86,48.18,7.93,-1.32,30.14,5.66,1.91,1.45,0.38,0.7
27-03-22,0.29,-6.72,82.65,48.56,7.77,-1.42,29.65,5.6,1.83,1.4,0.38,0.7
26-03-22,0.02,-6.98,82.14,48.37,7.54,-1.63,29.32,5.59,1.54,1.22,0.3,0.7
25-03-22,-0.16,-7.24,82.1,48.52,7.25,-1.88,29.35,5.68,1.49,1.2,0.28,0.8
24-03-22,-0.42,-7.51,81.9,48.43,7.02,-2.21,29.41,5.69,1.41,1.11,0.28,0.9
23-03-22,-0.76,-7.81,81.66,48.39,6.66,-2.55,29.45,5.78,1.32,1.01,0.29,1.1
22-03-22,-0.92,-8.05,81.77,48.6,6.39,-2.78,29.66,5.86,1.2,0.91,0.29,1.3
21-03-22,-1.08,-8.23,81.9,49.02,6.06,-3.03,30.02,5.91,1.13,0.79,0.34,1.6
20-03-22,-1.35,-8.56,81.95,48.99,5.68,-3.34,30.14,5.99,1.18,0.82,0.36,1.8
19-03-22,-1.56,-8.85,81.98,48.97,5.38,-3.61,30.59,6.13,1.24,0.84,0.4,2.1
18-03-22,-1.68,-9.02,82.02,49.1,5.19,-3.81,30.86,6.12,1.19,0.79,0.41,2.3
17-03-22,-1.85,-9.14,82.18,49.68,4.9,-4.07,30.91,6.17,1.23,0.82,0.42,2.6
16-03-22,-1.86,-9.25,82.31,49.98,4.8,-4.24,31.35,6.3,1.3,0.87,0.46,2.9
15-03-22,-1.81,-9.27,82.57,50.6,4.7,-4.35,31.46,6.35,1.38,0.93,0.47,3.2
14-03-22,-1.85,-9.32,82.75,51.04,4.58,-4.49,31.14,6.05,1.47,1.01,0.47,3.6
13-03-22,-2.05,-9.5,82.86,51.31,4.3,-4.72,31.08,6.07,1.44,0.97,0.52,4
12-03-22,-2.33,-9.78,82.83,51.38,4,-5.03,31.2,6.09,1.55,0.99,0.62,4.3
11-03-22,-2.53,-10,83.02,51.59,3.69,-5.31,31.46,6.3,1.55,0.94,0.66,4.5
10-03-22,-2.75,-10.15,83.15,52.14,3.36,-5.57,31.49,6.26,1.56,0.94,0.68,4.8
09-03-22,-2.88,-10.22,83.32,52.72,3.07,-5.72,31.57,6.3,1.63,0.98,0.71,5
08-03-22,-2.84,-10.25,83.67,53.52,2.92,-5.84,31.73,6.13,1.72,1.03,0.75,5.2
07-03-22,-3.02,-10.44,83.78,54.02,2.64,-6.12,31.36,6,1.81,1.08,0.78,5.4
06-03-22,-3.22,-10.7,83.74,54.31,2.4,-6.41,31.2,5.94,1.85,1.09,0.8,5.5
05-03-22,-3.44,-10.83,83.72,54.71,2.18,-6.59,31.31,5.96,1.85,1.04,0.85,5.6
04-03-22,-3.52,-10.87,83.8,55.13,2.02,-6.71,31.4,5.94,1.88,1.05,0.88,5.6
03-03-22,-3.61,-10.98,83.94,55.59,1.8,-6.86,31.3,5.92,1.86,1.02,0.88,5.6
02-03-22,-3.71,-11.04,83.95,55.53,1.67,-6.91,31.36,5.97,1.89,1.01,0.92,5.5
01-03-22,-3.83,-11.06,83.97,56,1.44,-6.95,31.04,5.9,1.86,0.97,0.94,5.5
28-02-22,-3.86,-11.16,84.18,56.28,1.29,-7.04,31.05,5.82,1.85,0.99,0.92,5.4
27-02-22,-3.89,-11.1,84.22,56.58,1.21,-7.02,31.16,5.91,1.86,0.96,0.95,5.2
26-02-22,-3.85,-11.13,84.11,56.91,1.2,-7.06,31.28,5.98,1.81,0.99,0.84,5.2
25-02-22,-3.83,-11.11,84.33,57.25,1.14,-7.07,31.51,5.86,1.76,0.97,0.82,5.3
24-02-22,-3.84,-11.21,84.5,57.66,1.05,-7.25,31.29,5.59,1.83,1.04,0.81,5.4
23-02-22,-3.88,-11.26,84.73,57.85,0.93,-7.34,31.04,5.42,1.91,1.04,0.91,5.5
22-02-22,-3.96,-11.36,84.76,58.13,0.82,-7.46,30.93,5.45,1.91,1.08,0.87,5.6
21-02-22,-4.18,-11.51,84.58,58.1,0.61,-7.6,30.69,5.51,1.88,1.05,0.86,5.8
20-02-22,-4.39,-11.81,84.56,58.12,0.31,-7.84,30.92,5.7,1.85,0.97,0.91,5.8
19-02-22,-4.51,-12.07,84.6,58.06,0.11,-8.09,31.07,5.88,1.81,0.94,0.93,5.8
18-02-22,-4.59,-12.27,84.57,58.19,-0.06,-8.29,31.2,5.89,1.75,0.95,0.85,6
17-02-22,-4.69,-12.37,84.69,58.44,-0.22,-8.42,30.99,5.86,1.7,0.88,0.88,6.2
16-02-22,-4.87,-12.5,84.63,58.77,-0.41,-8.6,30.86,5.88,1.66,0.79,0.92,6.3
15-02-22,-5.05,-12.75,84.66,58.9,-0.65,-8.85,30.8,6,1.78,0.83,1.02,6.4
14-02-22,-5.16,-12.86,84.77,59.04,-0.8,-9.01,30.97,6,1.77,0.84,1,6.5
13-02-22,-5.45,-13,84.62,59.21,-1.06,-9.19,30.96,6.14,1.78,0.78,1.06,6.6
12-02-22,-5.63,-13.33,84.55,59.07,-1.29,-9.44,31.14,6.23,1.73,0.71,1.1,6.7
11-02-22,-5.7,-13.41,84.64,59.04,-1.41,-9.53,31.32,6.16,1.79,0.75,1.12,6.8
10-02-22,-5.7,-13.35,84.7,59.16,-1.41,-9.51,31.08,6.14,1.78,0.78,1.08,6.9
09-02-22,-5.73,-13.32,84.72,59.46,-1.47,-9.51,31.02,6.22,1.72,0.69,1.11,7
08-02-22,-5.69,-13.31,84.74,59.53,-1.43,-9.51,31.15,6.51,1.66,0.66,1.07,7.1
07-02-22,-5.7,-13.32,84.87,59.76,-1.48,-9.56,31,6.44,1.65,0.61,1.11,7.2
06-02-22,-5.68,-13.3,85.17,59.89,-1.51,-9.6,31.07,6.47,1.63,0.61,1.1,7.2
05-02-22,-5.54,-13.11,85.4,60.39,-1.42,-9.48,30.84,6.42,1.71,0.69,1.09,7.3
04-02-22,-5.51,-12.93,85.48,60.63,-1.38,-9.32,30.5,6.31,1.71,0.68,1.12,7.3
03-02-22,-5.42,-12.85,85.65,60.83,-1.3,-9.26,30.38,6.39,1.8,0.7,1.19,7.3
02-02-22,-5.53,-12.9,85.51,60.75,-1.41,-9.29,30.27,6.46,1.8,0.72,1.2,7.3
01-02-22,-5.51,-12.94,85.51,60.7,-1.45,-9.32,30.27,6.41,1.77,0.72,1.17,7.1
31-01-22,-5.32,-12.89,85.68,60.75,-1.35,-9.25,30.44,6.34,1.7,0.73,1.09,7.1
30-01-22,-5.26,-12.83,85.87,60.82,-1.33,-9.16,30.34,6.38,1.77,0.79,1.08,7
29-01-22,-5.18,-12.83,85.97,60.9,-1.3,-9.2,30.3,6.29,1.73,0.81,1.03,6.9
28-01-22,-5.31,-12.83,85.98,61.08,-1.41,-9.29,29.91,6.12,1.72,0.85,0.98,6.9
27-01-22,-5.52,-13,85.97,61.1,-1.61,-9.47,29.71,6.18,1.67,0.82,0.96,6.8
26-01-22,-5.59,-13.15,85.9,61.25,-1.72,-9.62,29.95,6.38,1.64,0.79,0.96,6.7
25-01-22,-5.55,-13.13,86.14,61.25,-1.74,-9.58,30.07,6.41,1.68,0.82,0.98,6.6
24-01-22,-5.54,-13.24,86.24,61.53,-1.79,-9.67,30.06,6.22,1.73,0.9,0.96,6.5
23-01-22,-5.53,-13.33,86.23,61.43,-1.81,-9.74,30.32,6.35,1.73,0.93,0.93,6.4
22-01-22,-5.58,-13.24,86.18,61.75,-1.88,-9.66,30.19,6.31,1.88,1.03,0.98,6.4
21-01-22,-5.55,-13.27,86.29,61.72,-1.88,-9.7,30.2,6.2,1.85,0.97,1.01,6.2
20-01-22,-5.35,-13.16,86.51,61.92,-1.75,-9.62,30.29,6.25,1.86,1.03,0.94,6.1
19-01-22,-5.12,-12.87,86.75,62.44,-1.58,-9.37,30.29,6.17,1.88,1.08,0.9,6
18-01-22,-4.88,-12.61,86.97,62.75,-1.36,-9.14,30.53,6.1,2.04,1.28,0.85,6
17-01-22,-4.76,-12.51,87.14,62.82,-1.24,-9.03,30.7,6.17,2.09,1.34,0.84,6
16-01-22,-4.8,-12.41,87.11,62.87,-1.2,-8.93,30.66,6.18,2.09,1.32,0.84,6
15-01-22,-4.84,-12.43,87.08,62.86,-1.23,-8.98,30.71,6.18,2.04,1.27,0.87,5.9
14-01-22,-4.78,-12.41,87.15,62.9,-1.2,-8.93,30.76,6.23,2.05,1.28,0.88,5.8
13-01-22,-4.55,-12.22,87.35,63.1,-1.03,-8.71,31.03,6.29,2.08,1.25,0.93,5.7
12-01-22,-4.29,-11.92,87.55,63.5,-0.84,-8.4,30.95,6.29,2.11,1.25,0.97,5.5
11-01-22,-4.13,-11.7,87.71,63.7,-0.69,-8.17,30.92,6.24,2.15,1.3,0.93,5.3
10-01-22,-3.98,-11.56,87.76,63.88,-0.56,-8.03,30.88,6.36,2.17,1.33,0.93,5.1
09-01-22,-3.88,-11.39,87.74,63.88,-0.46,-7.88,30.97,6.58,2.15,1.3,0.92,4.8
08-01-22,-3.76,-11.18,87.77,64.01,-0.33,-7.64,30.85,6.46,2.16,1.29,0.94,4.5
07-01-22,-3.51,-11.01,87.94,63.97,-0.13,-7.42,30.97,6.44,2.06,1.24,0.9,4.2
06-01-22,-3.42,-10.81,87.89,64.07,-0.02,-7.2,31.11,6.5,2.09,1.31,0.86,4
05-01-22,-3.43,-10.69,87.84,64.1,-0.03,-7.06,31.06,6.36,2.07,1.31,0.84,3.8
04-01-22,-3.47,-10.69,87.7,63.87,-0.03,-7.06,31.03,6.31,1.96,1.23,0.8,3.7
03-01-22,-3.47,-10.66,87.72,63.93,0,-7.11,30.7,6.32,1.8,1.08,0.8,3.7
02-01-22,-3.43,-10.51,87.8,64.22,0.02,-7,30.53,6.37,1.78,1.05,0.8,3.6
01-01-22,-3.35,-10.33,87.86,64.5,0.07,-6.87,30.45,6.36,1.78,1.05,0.82,3.6
31-12-21,-3.18,-10.16,87.92,64.61,0.22,-6.7,30.5,6.33,1.8,1.07,0.8,3.6
30-12-21,-2.92,-9.88,88.13,64.94,0.46,-6.44,30.43,6.29,1.93,1.17,0.8,3.6
29-12-21,-2.77,-9.64,88.19,64.98,0.62,-6.19,30.49,6.42,1.93,1.22,0.77,3.6
28-12-21,-2.66,-9.49,88.23,64.96,0.76,-6.06,30.5,6.31,1.94,1.24,0.76,3.6
27-12-21,-2.65,-9.53,88.17,64.68,0.78,-6.1,30.32,6.24,1.93,1.22,0.76,3.7
26-12-21,-2.69,-9.47,87.95,64.59,0.83,-6.03,30.18,6.19,1.87,1.17,0.76,3.7
25-12-21,-2.66,-9.36,87.8,64.55,0.89,-5.93,29.87,5.98,1.76,1.11,0.7,3.8
24-12-21,-2.55,-9.14,87.98,64.76,0.97,-5.75,29.7,5.91,1.82,1.17,0.71,3.9
23-12-21,-2.47,-8.98,88.03,64.84,1.08,-5.62,29.61,5.95,1.82,1.14,0.73,4
22-12-21,-2.28,-8.79,88.2,64.87,1.27,-5.5,29.64,6.04,1.77,1.08,0.74,4.1
21-12-21,-2.21,-8.71,88.29,64.8,1.35,-5.43,29.53,6.06,1.85,1.07,0.82,4.2
20-12-21,-2.17,-8.67,88.38,64.79,1.41,-5.39,29.27,6.09,1.8,1.01,0.84,4.2
19-12-21,-2.09,-8.65,88.43,64.59,1.46,-5.34,29.31,5.97,1.87,1.05,0.87,4.2
18-12-21,-2.01,-8.54,88.44,64.5,1.56,-5.25,29.22,5.89,1.9,1.01,0.95,4
17-12-21,-1.83,-8.45,88.47,64.33,1.75,-5.11,29.24,5.96,1.91,1.02,0.94,3.8
16-12-21,-1.73,-8.33,88.48,64.15,1.88,-5,28.97,5.9,1.96,1.01,0.98,3.6
15-12-21,-1.88,-8.39,88.1,63.55,1.86,-5.03,28.88,5.81,1.74,0.85,0.93,3.4
14-12-21,-1.9,-8.46,87.9,63.19,1.88,-5.07,28.77,5.7,1.68,0.81,0.91,3.2
13-12-21,-1.88,-8.43,87.79,63.04,1.93,-4.99,28.72,5.88,1.67,0.82,0.9,3
12-12-21,-1.69,-8.2,87.89,62.94,2.13,-4.76,28.82,5.81,1.68,0.82,0.91,2.8
11-12-21,-1.44,-7.92,88.16,62.88,2.36,-4.54,28.85,5.65,1.7,0.88,0.86,2.6
10-12-21,-1.18,-7.65,88.56,62.9,2.63,-4.32,28.98,5.58,1.77,0.93,0.88,2.4
09-12-21,-1.05,-7.5,88.53,62.6,2.81,-4.15,29.15,5.74,1.79,0.95,0.88,2.2
08-12-21,-0.89,-7.39,88.53,62.39,2.98,-4,29.48,5.92,1.85,1.04,0.86,2
07-12-21,-0.68,-7.15,88.58,62.42,3.18,-3.74,29.46,5.86,2.04,1.24,0.83,1.7
06-12-21,-0.48,-6.92,88.57,62.55,3.42,-3.53,29.29,5.86,2.08,1.4,0.73,1.5
05-12-21,-0.29,-6.64,88.68,62.61,3.62,-3.25,29.65,5.81,2.2,1.53,0.73,1.2
04-12-21,-0.04,-6.28,88.76,62.66,3.87,-2.88,29.74,5.92,2.22,1.57,0.69,1
03-12-21,0.26,-5.93,88.9,62.71,4.18,-2.5,29.56,5.83,2.24,1.69,0.59,0.9
02-12-21,0.43,-5.73,89.09,62.68,4.37,-2.32,29.38,5.7,2.22,1.73,0.53,0.8
01-12-21,0.6,-5.66,89.14,62.69,4.52,-2.22,29.53,5.77,2.2,1.78,0.47,0.8
30-11-21,0.9,-5.45,89.53,62.86,4.77,-2.03,29.51,5.8,2.27,1.84,0.47,0.8
29-11-21,1.16,-5.21,89.78,62.9,5.04,-1.84,29.47,5.82,2.35,1.87,0.52,0.8
28-11-21,1.42,-4.98,89.83,62.73,5.33,-1.63,29.53,5.8,2.34,1.89,0.48,0.7
27-11-21,1.57,-4.77,89.73,62.79,5.53,-1.42,29.45,5.89,2.31,1.88,0.45,0.7
26-11-21,1.75,-4.66,89.58,62.7,5.75,-1.28,29.46,5.93,2.33,1.89,0.46,0.8
25-11-21,1.83,-4.51,89.49,62.58,5.89,-1.15,29.22,6.09,2.36,1.92,0.45,0.8
24-11-21,1.91,-4.38,89.46,62.67,5.99,-1.09,28.95,5.99,2.3,1.86,0.45,0.8
23-11-21,2.05,-4.27,89.46,62.52,6.16,-1.03,28.59,5.79,2.29,1.88,0.43,0.9
22-11-21,2.11,-4.21,89.36,62.22,6.31,-0.96,28.43,5.74,2.25,1.83,0.43,0.9
21-11-21,2.23,-4.08,89.19,61.61,6.52,-0.76,28.56,5.62,2.08,1.65,0.45,0.9
20-11-21,2.31,-4.04,88.94,61.2,6.69,-0.68,28.4,5.68,1.95,1.53,0.42,1
19-11-21,2.35,-4.09,88.7,60.78,6.83,-0.65,28.34,5.54,1.94,1.54,0.4,1
18-11-21,2.41,-4.16,88.39,60.08,7.02,-0.68,28.54,5.6,1.91,1.51,0.41,0.9
17-11-21,2.56,-4.03,88.23,59.65,7.26,-0.55,28.77,5.6,2,1.62,0.39,0.9
16-11-21,2.73,-3.77,88.14,59.39,7.56,-0.31,28.66,5.46,1.98,1.61,0.37,0.8
15-11-21,2.83,-3.54,87.91,58.98,7.81,-0.07,28.38,5.41,1.92,1.58,0.34,0.8
14-11-21,2.99,-3.35,87.7,58.6,8.07,0.16,28.26,5.32,1.9,1.62,0.28,0.7
13-11-21,3.18,-3.18,87.78,58.4,8.32,0.31,28.18,5.23,1.83,1.55,0.28,0.7
12-11-21,3.39,-2.96,87.88,58.48,8.54,0.5,27.96,5.12,1.86,1.6,0.27,0.7
11-11-21,3.46,-2.78,87.91,58.16,8.68,0.65,28,5.01,1.83,1.58,0.24,0.6
10-11-21,3.6,-2.66,87.86,57.74,8.91,0.84,28.3,4.88,1.85,1.62,0.23,0.5
09-11-21,3.87,-2.45,88.03,57.69,9.21,1.05,28.45,4.92,2.11,1.94,0.16,0.3
08-11-21,4.05,-2.22,88.04,57.61,9.44,1.28,28.64,4.95,2.14,2,0.14,0.2
07-11-21,4.24,-2.05,87.94,57.4,9.68,1.47,28.64,4.84,2.08,1.97,0.11,0.2
06-11-21,4.34,-1.96,87.97,56.96,9.87,1.55,28.44,4.87,2.12,2.04,0.07,0.1
05-11-21,4.49,-1.77,87.97,56.74,10.08,1.75,28.66,4.95,2.13,2.07,0.06,0
04-11-21,4.67,-1.54,88.07,56.59,10.3,1.93,28.68,5.05,2.14,2.07,0.06,0
03-11-21,4.94,-1.23,88.51,57.11,10.47,2.16,28.57,5.03,2.25,2.2,0.04,0
02-11-21,5.12,-0.95,88.63,57.42,10.63,2.38,28.19,4.97,2.21,2.16,0.04,0
01-11-21,5.3,-0.7,88.71,57.48,10.79,2.6,27.98,5.14,2.2,2.16,0.04,0
31-10-21,5.61,-0.42,88.88,57.76,11.04,2.85,28.43,5.25,2.23,2.19,0.03,0
30-10-21,5.86,-0.16,89.15,58.04,11.28,3.03,28.46,5.24,2.33,2.3,0.03,0
29-10-21,5.93,0.02,89.15,58.1,11.39,3.19,28.24,5.18,2.39,2.36,0.03,0
28-10-21,6.11,0.16,89.3,57.87,11.59,3.34,28.38,5.22,2.36,2.33,0.03,0
27-10-21,6.37,0.35,89.38,57.8,11.87,3.55,28.41,5.21,2.46,2.43,0.03,0
26-10-21,6.58,0.55,89.37,58.01,12.1,3.73,28.29,5.22,2.53,2.5,0.03,0
25-10-21,6.69,0.72,89.19,57.53,12.36,3.92,28.06,5.13,2.29,2.26,0.03,0
24-10-21,6.81,0.88,89.15,57.27,12.58,4.08,28.02,4.98,2.19,2.17,0.02,0
23-10-21,6.93,1.03,89.23,57.1,12.76,4.21,28.06,5.16,2.21,2.2,0.01,0
22-10-21,7.2,1.25,89.38,57.61,12.93,4.39,28.33,5.25,2.24,2.23,0.01,0
21-10-21,7.52,1.48,89.5,57.68,13.21,4.55,27.98,5.05,2.35,2.34,0.01,0
20-10-21,7.84,1.72,89.67,57.6,13.56,4.77,27.86,4.9,2.34,2.33,0.01,0
19-10-21,7.97,1.85,89.48,56.95,13.86,4.91,27.65,4.8,2.21,2.21,0,0
18-10-21,8.14,1.97,89.46,56.47,14.14,5.05,27.56,4.73,2.11,2.11,0,0
17-10-21,8.33,2.14,89.47,55.99,14.46,5.21,27.48,4.6,2.05,2.06,0,0
16-10-21,8.54,2.32,89.54,55.63,14.8,5.36,27.25,4.46,2.15,2.15,0,0
15-10-21,8.76,2.52,89.52,55.24,15.12,5.58,27.16,4.35,2.02,2.02,0,0
14-10-21,9.09,2.76,89.59,54.98,15.49,5.8,27.34,4.3,2.01,2.01,0,0
13-10-21,9.27,2.93,89.52,54.73,15.76,5.96,27.14,4.18,2.04,2.04,0,0
12-10-21,9.34,3.06,89.61,54.52,15.9,6.04,26.89,4.22,2.14,2.14,0,0
11-10-21,9.6,3.32,89.96,54.6,16.12,6.25,26.89,4.21,2.08,2.08,0,0
10-10-21,9.86,3.54,90.04,54.61,16.34,6.48,26.88,4.12,2.08,2.08,0,0
09-10-21,10.15,3.74,90.12,54.6,16.65,6.69,26.74,4.09,2.09,2.09,0,0
08-10-21,10.35,3.97,90.15,54.35,16.94,6.9,26.58,3.99,1.98,1.98,0,0
07-10-21,10.46,4.16,90.21,54.08,17.17,7.12,26.35,3.92,1.98,1.98,0,0
06-10-21,10.57,4.31,90.3,53.92,17.36,7.29,26.54,3.95,2.03,2.03,0,0
05-10-21,10.74,4.58,90.28,54.04,17.55,7.54,26.52,3.94,2.08,2.08,0,0
04-10-21,11.03,4.95,90.34,54.28,17.86,7.85,26.59,3.9,2.16,2.16,0,0
03-10-21,11.36,5.23,90.49,54.45,18.15,8.1,26.6,3.82,2.24,2.24,0,0
02-10-21,11.57,5.46,90.4,54.64,18.37,8.34,26.59,3.77,2.28,2.28,0,0
01-10-21,11.66,5.59,90.31,54.47,18.53,8.47,26.44,3.71,2.18,2.18,0,0
30-09-21,11.8,5.73,90.21,54.19,18.73,8.62,26.44,3.77,2.24,2.24,0,0
29-09-21,11.98,5.86,90.3,54.03,18.94,8.81,26.37,3.69,2.34,2.34,0,0
28-09-21,12.22,6.09,90.28,53.8,19.26,9.02,26.33,3.63,2.4,2.4,0,0
27-09-21,12.54,6.37,90.05,53.76,19.62,9.31,26.36,3.53,2.21,2.21,0,0
26-09-21,12.65,6.53,89.76,53.22,19.91,9.52,26.06,3.44,2.25,2.25,0,0
25-09-21,12.84,6.73,89.68,52.83,20.23,9.68,25.95,3.48,2.26,2.26,0,0
24-09-21,12.99,6.98,89.5,52.68,20.5,9.91,25.75,3.42,2.15,2.15,0,0
23-09-21,13.18,7.2,89.49,52.6,20.72,10.13,25.6,3.34,2.21,2.21,0,0
22-09-21,13.44,7.5,89.45,52.65,21,10.36,25.47,3.28,2.18,2.18,0,0
21-09-21,13.71,7.83,89.5,52.61,21.35,10.65,25.32,3.28,2.13,2.13,0,0
20-09-21,13.92,8.03,89.29,52.58,21.61,10.89,25.18,3.4,2.15,2.15,0,0
19-09-21,14.02,8.08,89.16,52.24,21.8,10.97,25.1,3.38,2,2,0,0
18-09-21,14.06,8.12,88.85,51.71,21.96,11.11,25.11,3.43,1.92,1.92,0,0
17-09-21,14.17,8.22,88.91,51.51,22.11,11.25,25.21,3.4,2.09,2.09,0,0
16-09-21,14.33,8.43,88.93,51.62,22.24,11.48,25.25,3.48,2.15,2.15,0,0
15-09-21,14.51,8.71,89.04,51.8,22.38,11.78,25.24,3.51,2.22,2.22,0,0
14-09-21,14.73,9.01,88.95,51.8,22.68,12.07,25.18,3.53,2.32,2.32,0,0
13-09-21,14.88,9.18,88.96,51.73,22.86,12.27,24.98,3.47,2.28,2.28,0,0
12-09-21,14.96,9.31,89.05,51.52,23.03,12.43,24.94,3.48,2.28,2.28,0,0
11-09-21,15.17,9.48,89.05,51.38,23.24,12.65,25.22,3.58,2.26,2.26,0,0
10-09-21,15.39,9.73,89.15,51.47,23.48,12.92,25.29,3.51,2.3,2.3,0,0
09-09-21,15.58,9.91,89.35,51.43,23.68,13.11,25.14,3.45,2.39,2.39,0,0
08-09-21,15.69,10.11,89.22,51.52,23.86,13.29,24.92,3.44,2.29,2.29,0,0
07-09-21,15.84,10.22,88.97,51.16,24.1,13.47,24.93,3.44,2.24,2.24,0,0
06-09-21,15.92,10.3,88.71,50.82,24.27,13.64,24.71,3.3,2.1,2.1,0,0
05-09-21,16,10.42,88.7,50.56,24.44,13.78,24.77,3.18,1.99,1.99,0,0
04-09-21,16.18,10.64,88.83,50.55,24.6,14.04,24.82,3.26,2.07,2.07,0,0
03-09-21,16.41,10.97,89.03,50.97,24.8,14.31,24.7,3.24,2.17,2.17,0,0
02-09-21,16.64,11.23,89.08,51.07,25.04,14.53,24.55,3.28,2.01,2.01,0,0
01-09-21,16.82,11.41,89.01,50.82,25.3,14.74,24.49,3.29,2,2,0,0
31-08-21,16.9,11.49,88.85,50.58,25.48,14.82,24.23,3.2,1.84,1.84,0,0
30-08-21,16.87,11.49,88.8,50.41,25.51,14.83,24.06,3.22,1.56,1.56,0,0
29-08-21,16.89,11.54,88.69,50.45,25.54,14.9,24.25,3.34,1.52,1.52,0,0
28-08-21,17.01,11.66,88.71,50.46,25.67,15.05,24.25,3.4,1.63,1.63,0,0
27-08-21,17.09,11.78,88.77,50.68,25.74,15.14,24.14,3.28,1.72,1.72,0,0
26-08-21,17.04,11.76,88.66,50.68,25.68,15.15,24.02,3.32,1.69,1.69,0,0
25-08-21,17.07,11.85,88.58,50.57,25.74,15.27,24.07,3.42,1.62,1.62,0,0
24-08-21,17.2,11.93,88.61,50.32,25.91,15.38,24.44,3.45,1.72,1.72,0,0
23-08-21,17.29,12.06,88.71,50.53,25.98,15.49,24.45,3.41,1.77,1.77,0,0
22-08-21,17.36,12.15,88.76,50.54,26.08,15.57,24.61,3.44,1.85,1.85,0,0
21-08-21,17.37,12.14,88.69,50.4,26.09,15.62,24.44,3.44,1.89,1.89,0,0
20-08-21,17.36,12.15,88.52,50.28,26.13,15.64,24.2,3.41,1.88,1.88,0,0
19-08-21,17.33,12.11,88.32,50.04,26.18,15.66,24.18,3.36,1.78,1.78,0,0
18-08-21,17.28,12.07,88.15,49.89,26.17,15.65,24.3,3.39,1.91,1.91,0,0
17-08-21,17.31,12.1,88.06,49.9,26.21,15.69,24.56,3.28,2.05,2.05,0,0
16-08-21,17.36,12.18,87.92,50.21,26.26,15.77,24.65,3.26,2.24,2.24,0,0
15-08-21,17.44,12.26,87.83,50.24,26.34,15.89,24.72,3.2,2.38,2.38,0,0
14-08-21,17.45,12.34,87.69,50.18,26.41,15.98,24.59,3.18,2.42,2.42,0,0
13-08-21,17.38,12.32,87.35,50.01,26.41,15.99,24.52,3.2,2.31,2.31,0,0
12-08-21,17.34,12.24,87.03,49.52,26.48,15.98,24.57,3.33,2.19,2.19,0,0
11-08-21,17.46,12.32,87.09,49.57,26.61,16.1,24.68,3.3,2.34,2.34,0,0
10-08-21,17.56,12.38,87.11,49.65,26.68,16.18,24.68,3.24,2.55,2.55,0,0
09-08-21,17.63,12.46,86.9,49.74,26.76,16.3,24.68,3.19,2.69,2.69,0,0
08-08-21,17.65,12.5,86.76,49.21,26.89,16.4,24.78,3.22,2.76,2.76,0,0
07-08-21,17.67,12.54,86.7,49.19,26.94,16.45,24.65,3.23,2.91,2.91,0,0
06-08-21,17.65,12.59,86.56,49.15,27,16.5,24.55,3.24,2.95,2.95,0,0
05-08-21,17.66,12.58,86.48,48.94,27.06,16.54,24.86,3.24,2.95,2.95,0,0
04-08-21,17.68,12.56,86.51,48.74,27.1,16.56,25.01,3.28,3,3,0,0
03-08-21,17.72,12.62,86.52,48.71,27.15,16.63,25.13,3.32,2.92,2.92,0,0
02-08-21,17.72,12.63,86.48,48.8,27.18,16.64,25,3.41,2.85,2.85,0,0
01-08-21,17.72,12.56,86.51,48.33,27.23,16.63,25.08,3.42,2.76,2.76,0,0
31-07-21,17.65,12.52,86.35,48.23,27.19,16.61,25.03,3.38,2.62,2.62,0,0
30-07-21,17.73,12.53,86.41,48.18,27.25,16.65,25.28,3.41,2.8,2.8,0,0
29-07-21,17.87,12.67,86.59,48.48,27.33,16.77,25.24,3.34,3.08,3.08,0,0
28-07-21,17.98,12.78,86.61,48.64,27.41,16.91,25.11,3.23,3.04,3.04,0,0
27-07-21,17.96,12.74,86.38,48.44,27.43,16.92,25.06,3.24,2.93,2.93,0,0
26-07-21,17.93,12.68,86.27,48.33,27.44,16.9,25.35,3.28,2.99,2.99,0,0
25-07-21,17.93,12.62,86.4,48.25,27.44,16.9,25.36,3.32,2.75,2.75,0,0
24-07-21,17.97,12.68,86.38,48.58,27.45,16.93,25.43,3.4,2.84,2.84,0,0
23-07-21,18.01,12.69,86.3,48.56,27.48,16.97,25.44,3.35,2.63,2.63,0,0
22-07-21,18.09,12.69,86.36,48.4,27.54,17,25.8,3.36,2.62,2.62,0,0
21-07-21,18.08,12.75,86.24,48.56,27.55,17.05,25.65,3.34,2.66,2.66,0,0
20-07-21,18.06,12.74,85.93,48.43,27.61,17.08,25.67,3.37,2.58,2.58,0,0
19-07-21,17.97,12.62,85.64,48.25,27.61,17.03,25.42,3.25,2.55,2.55,0,0
18-07-21,17.87,12.46,85.46,47.74,27.61,16.94,25.39,3.29,2.5,2.5,0,0
17-07-21,17.8,12.39,85.4,47.66,27.56,16.88,25.52,3.42,2.52,2.52,0,0
16-07-21,17.84,12.38,85.45,47.63,27.61,16.91,25.75,3.49,2.56,2.56,0,0
15-07-21,17.81,12.37,85.49,47.7,27.56,16.91,25.8,3.41,2.73,2.73,0,0
14-07-21,17.78,12.3,85.38,47.57,27.57,16.88,25.87,3.43,2.68,2.68,0,0
13-07-21,17.72,12.28,85.18,47.41,27.6,16.86,26.01,3.56,2.65,2.65,0,0
12-07-21,17.67,12.23,84.88,47.34,27.63,16.83,26.23,3.61,2.59,2.59,0,0
11-07-21,17.59,12.08,84.61,46.97,27.64,16.76,26.17,3.64,2.4,2.4,0,0
10-07-21,17.47,11.91,84.3,46.79,27.53,16.62,26.14,3.64,2.4,2.4,0,0
09-07-21,17.23,11.65,84,46.44,27.4,16.47,26.09,3.65,2.15,2.15,0,0
08-07-21,17.09,11.44,83.83,46.15,27.29,16.29,26.46,3.74,2.15,2.15,0,0
07-07-21,16.97,11.38,83.8,46.34,27.17,16.2,26.41,3.74,2.14,2.14,0,0
06-07-21,16.94,11.29,83.89,46.3,27.11,16.1,26.66,3.74,2.16,2.16,0,0
05-07-21,16.92,11.31,84.08,46.61,27,16.06,26.69,3.66,2.32,2.32,0,0
04-07-21,16.97,11.35,84.28,46.87,26.96,16.1,26.98,3.73,2.48,2.48,0,0
03-07-21,17,11.41,84.34,46.92,26.99,16.16,27.12,3.7,2.46,2.46,0,0
02-07-21,17.03,11.42,84.35,47.15,26.99,16.18,27.16,3.62,2.46,2.46,0,0
01-07-21,16.98,11.38,84.3,47.37,26.9,16.09,26.96,3.59,2.66,2.66,0,0
30-06-21,16.85,11.21,84.09,47.23,26.83,15.94,26.67,3.6,2.36,2.36,0,0
29-06-21,16.73,11.03,84.01,47.07,26.71,15.8,26.89,3.67,2.21,2.21,0,0
28-06-21,16.62,10.88,84.06,47.1,26.57,15.66,26.91,3.6,2.38,2.38,0,0
27-06-21,16.46,10.75,84.08,47.3,26.36,15.55,26.68,3.63,2.4,2.4,0,0
26-06-21,16.38,10.72,84.23,47.66,26.2,15.47,26.58,3.6,2.4,2.4,0,0
25-06-21,16.35,10.75,84.42,48.08,26.14,15.44,26.5,3.57,2.45,2.45,0,0
24-06-21,16.37,10.75,84.5,48.49,26.05,15.38,26.39,3.47,2.53,2.53,0,0
23-06-21,16.26,10.65,84.6,48.7,25.94,15.3,26.08,3.35,2.69,2.69,0,0
22-06-21,16.12,10.38,84.48,48.42,25.82,15.11,25.88,3.27,2.64,2.64,0,0
21-06-21,15.97,10.15,84.43,48.28,25.64,14.97,25.77,3.32,2.53,2.53,0,0
20-06-21,15.83,9.89,84.39,48.24,25.45,14.79,25.67,3.44,2.69,2.69,0,0
19-06-21,15.65,9.65,84.38,48.16,25.27,14.58,25.62,3.48,2.53,2.53,0,0
18-06-21,15.55,9.52,84.46,48.43,25.09,14.43,25.56,3.5,2.63,2.63,0,0
17-06-21,15.38,9.34,84.38,48.47,24.92,14.24,25.46,3.46,2.68,2.68,0,0
16-06-21,15.23,9.17,84.25,48.25,24.85,14.06,25.55,3.47,2.56,2.56,0,0
15-06-21,15.1,9.05,84.19,48.24,24.72,13.97,25.93,3.62,2.55,2.55,0,0
14-06-21,14.95,8.9,84.15,48.42,24.58,13.8,25.84,3.57,2.52,2.52,0,0
13-06-21,14.8,8.72,84.29,48.55,24.37,13.59,25.84,3.54,2.42,2.42,0,0
12-06-21,14.68,8.59,84.63,48.84,24.14,13.38,25.9,3.52,2.4,2.4,0,0
11-06-21,14.39,8.31,84.62,48.64,23.86,13.11,25.76,3.54,2.43,2.43,0,0
10-06-21,14.08,8.01,84.59,48.38,23.52,12.81,25.8,3.58,2.46,2.46,0,0
09-06-21,13.92,7.73,84.67,48.18,23.34,12.56,26.06,3.65,2.55,2.55,0,0
08-06-21,13.79,7.6,84.69,48.24,23.11,12.42,26.36,3.78,2.53,2.53,0,0
07-06-21,13.77,7.55,84.88,48.4,23,12.32,26.76,3.86,2.69,2.69,0,0
06-06-21,13.65,7.49,84.69,48.25,23.01,12.22,26.72,3.78,2.69,2.69,0,0
05-06-21,13.54,7.4,84.61,48.02,22.98,12.1,26.97,3.76,2.44,2.44,0,0
04-06-21,13.42,7.31,84.66,48.03,22.86,11.95,26.9,3.66,2.53,2.53,0,0
03-06-21,13.18,7.12,84.54,47.98,22.65,11.69,26.82,3.57,2.43,2.43,0,0
02-06-21,13.04,6.94,84.45,48.04,22.46,11.53,26.82,3.57,2.39,2.39,0,0
01-06-21,12.85,6.76,84.43,48.28,22.17,11.4,26.89,3.63,2.47,2.47,0,0
31-05-21,12.75,6.56,84.44,48.18,22.05,11.2,26.88,3.64,2.41,2.41,0,0
30-05-21,12.6,6.42,84.43,48.2,21.92,10.98,26.9,3.64,2.44,2.44,0,0
29-05-21,12.38,6.22,84.29,48.2,21.71,10.81,26.73,3.67,2.47,2.47,0,0
28-05-21,12.14,5.92,84,47.46,21.62,10.65,26.83,3.69,2.46,2.46,0,0
27-05-21,12.03,5.69,83.76,47.13,21.57,10.48,27.11,3.71,2.44,2.44,0,0
26-05-21,11.91,5.36,83.48,46.81,21.49,10.28,27.13,3.65,2.38,2.38,0,0
25-05-21,11.63,5.09,83.25,46.61,21.23,10.04,27.03,3.61,2.38,2.38,0,0
24-05-21,11.41,4.8,83.34,46.56,21.01,9.76,26.96,3.55,2.31,2.31,0,0
23-05-21,11.14,4.51,83.28,46.81,20.66,9.45,26.82,3.52,2.24,2.24,0,0
22-05-21,10.92,4.2,83.44,47.01,20.29,9.14,27.04,3.61,2.44,2.44,0,0
21-05-21,10.65,3.86,83.41,46.98,19.95,8.82,27.14,3.6,2.48,2.48,0,0
20-05-21,10.29,3.43,83.12,46.69,19.62,8.5,27.28,3.7,2.37,2.37,0,0
19-05-21,10.02,3.05,82.87,46.56,19.26,8.27,27.56,3.88,2.48,2.48,0,0
18-05-21,9.78,2.77,82.89,46.35,19.04,8.03,27.82,3.92,2.56,2.55,0.01,0
17-05-21,9.64,2.54,82.86,45.99,18.92,7.81,27.94,3.95,2.5,2.49,0.01,0
16-05-21,9.47,2.33,83.02,45.96,18.68,7.65,27.87,3.75,2.61,2.6,0.01,0
15-05-21,9.21,2,82.93,45.4,18.4,7.49,27.94,3.77,2.52,2.51,0.01,0
14-05-21,9.01,1.72,82.71,44.99,18.24,7.29,28.13,3.78,2.48,2.47,0.01,0
13-05-21,8.87,1.54,82.48,44.85,18.1,7.15,28.34,3.73,2.38,2.37,0.01,0
12-05-21,8.74,1.42,82.44,44.82,17.93,7.05,28.41,3.64,2.45,2.44,0.01,0
11-05-21,8.56,1.32,82.42,44.79,17.77,6.92,28.5,3.68,2.46,2.45,0.01,0
10-05-21,8.42,1.23,82.47,44.82,17.65,6.81,28.52,3.69,2.47,2.46,0.01,0
09-05-21,8.27,1.13,82.35,44.97,17.5,6.74,28.58,3.82,2.61,2.6,0.01,0
08-05-21,8.17,0.94,82.35,44.72,17.42,6.67,28.6,3.85,2.61,2.6,0.01,0
07-05-21,7.88,0.72,81.99,44.49,17.22,6.52,28.55,3.76,2.53,2.53,0.01,0
06-05-21,7.5,0.36,81.5,44,16.99,6.28,28.59,3.86,2.45,2.44,0.01,0
05-05-21,7.2,0.07,81.25,43.75,16.75,6.05,28.91,3.91,2.52,2.51,0.01,0
04-05-21,6.96,-0.2,81.1,43.5,16.61,5.79,29.02,3.92,2.38,2.37,0.01,0
03-05-21,6.73,-0.43,80.99,43.56,16.34,5.55,29.19,4.04,2.34,2.33,0,0
02-05-21,6.4,-0.79,81.01,43.44,15.98,5.27,29.23,3.97,2.4,2.4,0,0
01-05-21,5.98,-1.15,80.47,43.09,15.69,4.97,29.33,4.11,2.31,2.31,0,0
30-04-21,5.74,-1.42,80.34,43.06,15.46,4.73,29.72,4.2,2.41,2.41,0.01,0
29-04-21,5.59,-1.53,80.59,43.52,15.18,4.52,29.92,4.26,2.44,2.43,0.01,0
28-04-21,5.42,-1.64,80.88,44.06,14.91,4.33,29.83,4.27,2.61,2.6,0.01,0
27-04-21,5.25,-1.78,81.02,44.67,14.63,4.13,30.03,4.44,2.83,2.82,0.01,0
26-04-21,5.21,-1.89,81.23,44.87,14.51,3.99,30.34,4.55,2.93,2.91,0.01,0
25-04-21,5.03,-2.08,81.16,44.9,14.31,3.77,30.36,4.64,2.75,2.74,0.01,0
24-04-21,4.74,-2.41,80.78,44.61,14.03,3.5,30.4,4.76,2.55,2.54,0.01,0
23-04-21,4.52,-2.63,80.57,44.45,13.83,3.28,30.84,4.89,2.63,2.62,0.01,0
22-04-21,4.37,-2.85,80.38,44.39,13.69,3.13,31.01,5.03,2.56,2.51,0.03,0
21-04-21,4.28,-2.98,80.47,44.69,13.53,2.99,30.84,4.95,2.68,2.56,0.04,0.1
20-04-21,4.24,-3.01,80.6,45,13.39,2.9,30.73,4.94,2.69,2.57,0.04,0.1
19-04-21,4.16,-3.07,80.85,45.31,13.19,2.81,30.76,4.88,2.88,2.75,0.05,0.1
18-04-21,3.93,-3.29,80.69,45.21,12.95,2.62,30.58,4.85,2.92,2.75,0.07,0.1
17-04-21,3.72,-3.42,80.59,45.22,12.78,2.41,30.67,5.03,2.76,2.57,0.08,0.1
16-04-21,3.64,-3.56,80.72,45.57,12.53,2.23,30.85,5.18,2.76,2.58,0.08,0.1
15-04-21,3.51,-3.66,80.95,45.86,12.26,2.08,30.77,5.24,2.82,2.63,0.08,0.2
14-04-21,3.28,-3.87,80.98,45.83,12.03,1.88,30.86,5.35,2.86,2.66,0.09,0.2
13-04-21,3.02,-4.17,81.01,45.62,11.73,1.58,30.94,5.44,2.87,2.62,0.14,0.3
12-04-21,2.6,-4.56,80.62,45.17,11.33,1.25,30.97,5.48,2.49,2.23,0.14,0.4
11-04-21,2.26,-4.94,80.78,45.25,10.86,0.91,31.2,5.64,2.5,2.18,0.18,0.4
10-04-21,2.1,-5.11,81.25,45.55,10.52,0.73,31.41,5.64,2.8,2.37,0.27,0.5
09-04-21,1.97,-5.21,81.47,45.57,10.37,0.6,31.38,5.5,2.87,2.39,0.31,0.5
08-04-21,1.78,-5.37,81.67,45.84,10.09,0.44,31.14,5.51,2.7,2.21,0.32,0.5
07-04-21,1.68,-5.46,82.16,46.16,9.82,0.26,31.04,5.56,2.68,2.22,0.32,0.5
06-04-21,1.57,-5.52,82.33,46.4,9.59,0.12,31.13,5.64,2.64,2.22,0.32,0.5
05-04-21,1.49,-5.62,82.55,46.49,9.47,0.01,31,5.64,2.68,2.24,0.33,0.5
04-04-21,1.42,-5.68,82.56,46.59,9.37,-0.12,30.93,5.67,2.49,2.07,0.33,0.5
03-04-21,1.37,-5.73,82.87,46.96,9.25,-0.27,30.64,5.61,2.38,1.98,0.31,0.5
02-04-21,1.23,-5.86,82.87,47.32,9,-0.39,30.51,5.6,2.34,1.95,0.32,0.5
01-04-21,1.12,-6,83.1,47.6,8.78,-0.54,30.44,5.49,2.28,1.88,0.34,0.5
31-03-21,0.88,-6.19,83.03,47.9,8.51,-0.81,30.1,5.39,2.11,1.69,0.34,0.6
30-03-21,0.59,-6.45,82.79,47.87,8.22,-1.06,29.94,5.36,2.03,1.58,0.37,0.6
29-03-21,0.4,-6.67,82.68,48.16,7.91,-1.27,30.16,5.59,1.86,1.44,0.35,0.7
28-03-21,0.43,-6.71,83.09,48.72,7.78,-1.37,30.1,5.64,1.94,1.48,0.38,0.7
27-03-21,0.31,-6.7,82.96,49.13,7.6,-1.46,29.63,5.6,1.86,1.42,0.39,0.7
26-03-21,0.07,-6.93,82.51,49.03,7.39,-1.66,29.37,5.62,1.58,1.24,0.31,0.7
25-03-21,-0.13,-7.18,82.4,49.14,7.1,-1.9,29.39,5.73,1.54,1.24,0.28,0.8
24-03-21,-0.41,-7.49,82.14,48.9,6.86,-2.25,29.48,5.77,1.45,1.15,0.29,0.9
23-03-21,-0.73,-7.76,81.93,48.85,6.54,-2.58,29.54,5.88,1.36,1.04,0.3,1
22-03-21,-0.85,-7.94,82.13,49.06,6.33,-2.79,29.78,5.97,1.24,0.95,0.29,1.3
21-03-21,-1.02,-8.1,82.23,49.48,6.02,-3.02,30.12,6.02,1.17,0.83,0.34,1.5
20-03-21,-1.29,-8.43,82.34,49.51,5.62,-3.33,30.19,6.06,1.22,0.86,0.36,1.8
19-03-21,-1.53,-8.74,82.35,49.53,5.28,-3.62,30.48,6.22,1.19,0.8,0.4,2
18-03-21,-1.68,-8.94,82.39,49.69,5.04,-3.85,30.76,6.22,1.22,0.82,0.41,2.3
17-03-21,-1.85,-9.07,82.58,50.23,4.76,-4.09,30.85,6.29,1.26,0.85,0.42,2.5
16-03-21,-1.85,-9.2,82.72,50.52,4.66,-4.26,31.27,6.41,1.33,0.89,0.46,2.8
15-03-21,-1.83,-9.23,82.93,51.1,4.54,-4.38,31.3,6.44,1.39,0.94,0.47,3.1
14-03-21,-1.85,-9.26,83.08,51.58,4.46,-4.51,31.02,6.13,1.48,1.02,0.47,3.5
13-03-21,-2.02,-9.41,83.2,51.84,4.21,-4.73,30.94,6.13,1.48,1,0.52,3.8
12-03-21,-2.29,-9.67,83.17,51.91,3.93,-5.03,30.99,6.13,1.59,1.02,0.62,4.1
11-03-21,-2.52,-9.91,83.32,52.13,3.61,-5.31,31.2,6.32,1.61,0.99,0.68,4.4
10-03-21,-2.75,-10.08,83.49,52.71,3.26,-5.59,31.26,6.29,1.62,0.98,0.69,4.6
09-03-21,-2.82,-10.1,83.71,53.42,3,-5.7,31.37,6.34,1.7,1.04,0.72,4.9
08-03-21,-2.79,-10.11,84.05,54.24,2.85,-5.79,31.46,6.12,1.8,1.09,0.77,5.1
07-03-21,-3,-10.36,84.08,54.68,2.54,-6.1,31.09,5.98,1.89,1.14,0.8,5.3
06-03-21,-3.22,-10.65,84.01,54.92,2.27,-6.42,30.99,5.93,1.91,1.13,0.83,5.4
05-03-21,-3.45,-10.78,83.98,55.32,2.04,-6.61,31.14,5.98,1.92,1.09,0.88,5.5
04-03-21,-3.51,-10.8,84.1,55.78,1.9,-6.73,31.24,5.9,1.95,1.09,0.91,5.5
03-03-21,-3.56,-10.89,84.29,56.26,1.72,-6.85,31.12,5.87,1.95,1.07,0.93,5.5
02-03-21,-3.67,-10.96,84.27,56.11,1.6,-6.92,31.13,5.88,1.97,1.06,0.96,5.5
01-03-21,-3.78,-10.99,84.27,56.5,1.39,-6.98,30.82,5.8,1.93,1.01,0.97,5.4
28-02-21,-3.79,-11.07,84.47,56.77,1.29,-7.04,30.86,5.74,1.92,1.03,0.94,5.3
27-02-21,-3.83,-11,84.49,57.04,1.21,-7,30.9,5.81,1.93,1.01,0.97,5.1
26-02-21,-3.8,-11.04,84.34,57.33,1.22,-7.05,31.03,5.89,1.84,1.01,0.85,5.1
25-02-21,-3.77,-11.05,84.52,57.64,1.16,-7.07,31.34,5.79,1.79,0.99,0.82,5.1
24-02-21,-3.77,-11.17,84.68,58,1.08,-7.25,31.18,5.53,1.83,1.05,0.8,5.3
23-02-21,-3.8,-11.23,84.88,58.1,0.99,-7.35,30.93,5.34,1.89,1.04,0.88,5.4
22-02-21,-3.92,-11.39,84.84,58.32,0.83,-7.51,30.82,5.39,1.86,1.06,0.84,5.5
21-02-21,-4.12,-11.56,84.67,58.34,0.62,-7.65,30.67,5.52,1.85,1.03,0.85,5.6
20-02-21,-4.29,-11.81,84.67,58.41,0.35,-7.85,30.92,5.69,1.81,0.96,0.89,5.7
19-02-21,-4.38,-12.04,84.72,58.35,0.17,-8.08,31.11,5.84,1.78,0.94,0.9,5.7
18-02-21,-4.45,-12.23,84.66,58.45,0.01,-8.27,31.24,5.83,1.72,0.95,0.82,5.9
17-02-21,-4.54,-12.33,84.78,58.61,-0.12,-8.38,31.11,5.82,1.67,0.88,0.84,6
16-02-21,-4.68,-12.42,84.71,58.94,-0.27,-8.53,31.04,5.85,1.62,0.8,0.86,6.1
15-02-21,-4.81,-12.61,84.78,59.15,-0.46,-8.72,31.03,5.99,1.74,0.83,0.96,6.3
14-02-21,-4.89,-12.67,84.94,59.36,-0.59,-8.84,31.17,6.01,1.74,0.84,0.96,6.4
13-02-21,-5.17,-12.8,84.83,59.54,-0.85,-9.01,31.1,6.15,1.75,0.78,1.02,6.6
12-02-21,-5.36,-13.11,84.75,59.39,-1.07,-9.26,31.21,6.21,1.69,0.71,1.05,6.7
11-02-21,-5.44,-13.19,84.82,59.36,-1.21,-9.36,31.39,6.14,1.76,0.74,1.08,6.8
10-02-21,-5.42,-13.11,84.9,59.49,-1.2,-9.32,31.1,6.09,1.75,0.77,1.04,6.9
09-02-21,-5.46,-13.08,84.93,59.75,-1.25,-9.32,30.98,6.13,1.69,0.68,1.08,6.9
08-02-21,-5.42,-13.06,84.99,59.83,-1.22,-9.3,31.11,6.39,1.65,0.66,1.06,7.1
07-02-21,-5.44,-13.04,85.12,60.08,-1.26,-9.33,30.96,6.28,1.64,0.61,1.1,7.1
06-02-21,-5.43,-13.03,85.41,60.16,-1.31,-9.39,31.05,6.3,1.6,0.6,1.08,7.2
05-02-21,-5.29,-12.85,85.66,60.63,-1.22,-9.26,30.79,6.29,1.69,0.69,1.07,7.2
04-02-21,-5.27,-12.66,85.75,60.9,-1.17,-9.09,30.42,6.2,1.69,0.67,1.1,7.3
03-02-21,-5.16,-12.58,85.95,61.11,-1.08,-9.03,30.31,6.29,1.79,0.7,1.18,7.3
02-02-21,-5.31,-12.67,85.75,61,-1.22,-9.1,30.18,6.38,1.76,0.71,1.17,7.2
01-02-21,-5.34,-12.77,85.76,60.93,-1.3,-9.18,30.22,6.33,1.74,0.71,1.14,7.1
31-01-21,-5.19,-12.76,85.92,60.96,-1.24,-9.16,30.43,6.26,1.67,0.72,1.06,7
30-01-21,-5.13,-12.73,86.12,61,-1.23,-9.09,30.37,6.32,1.74,0.79,1.06,6.9
29-01-21,-5.12,-12.78,86.16,61.03,-1.25,-9.17,30.34,6.2,1.7,0.81,1.01,6.8
28-01-21,-5.28,-12.85,86.18,61.16,-1.41,-9.33,30.03,6.06,1.71,0.85,0.96,6.8
27-01-21,-5.5,-13.06,86.19,61.14,-1.61,-9.55,29.82,6.08,1.66,0.82,0.94,6.8
26-01-21,-5.59,-13.21,86.07,61.29,-1.73,-9.7,30.06,6.32,1.63,0.79,0.94,6.6
25-01-21,-5.56,-13.21,86.24,61.29,-1.76,-9.66,30.33,6.41,1.67,0.82,0.96,6.6
24-01-21,-5.55,-13.31,86.32,61.6,-1.82,-9.75,30.33,6.27,1.71,0.9,0.94,6.5
23-01-21,-5.54,-13.41,86.32,61.53,-1.85,-9.82,30.53,6.41,1.74,0.95,0.92,6.4
22-01-21,-5.6,-13.32,86.26,61.84,-1.92,-9.75,30.33,6.33,1.87,1.04,0.96,6.3
21-01-21,-5.58,-13.37,86.35,61.82,-1.93,-9.8,30.37,6.23,1.84,0.98,0.99,6.2
20-01-21,-5.41,-13.31,86.56,62.01,-1.83,-9.76,30.48,6.28,1.85,1.04,0.92,6.2
19-01-21,-5.19,-13.04,86.78,62.54,-1.66,-9.53,30.45,6.2,1.87,1.1,0.88,6.1
18-01-21,-4.93,-12.77,87.04,62.87,-1.44,-9.3,30.72,6.16,2.08,1.29,0.87,6.1
17-01-21,-4.8,-12.68,87.17,62.88,-1.3,-9.17,30.85,6.25,2.13,1.35,0.86,6.1
16-01-21,-4.82,-12.55,87.19,63.02,-1.26,-9.06,30.76,6.23,2.13,1.34,0.87,6.1
15-01-21,-4.87,-12.58,87.13,63,-1.3,-9.13,30.82,6.19,2.08,1.29,0.89,6.1
